Division,MatchDate,HomeTeam,AwayTeam,HomeElo,AwayElo,gol_casa,gol_trasferta,risultato_1X2,xg_casa,xg_trasferta,pos_classifica_casa,pos_classifica_trasferta,punti_totali_casa,punti_totali_trasferta,punti_m5_pond_gen_casa,punti_m5_pond_gen_trasferta,punti_m5_pond_split_casa,punti_m5_pond_split_trasferta,xg_m5_pond_gen_casa,xg_m5_pond_gen_trasferta,xg_m5_pond_split_casa,xg_m5_pond_split_trasferta,xga_m5_pond_gen_casa,xga_m5_pond_gen_trasferta,xga_m5_pond_split_casa,xga_m5_pond_split_trasferta,gf_m5_pond_gen_casa,gf_m5_pond_gen_trasferta,gf_m5_pond_split_casa,gf_m5_pond_split_trasferta,gs_m5_pond_gen_casa,gs_m5_pond_gen_trasferta,gs_m5_pond_split_casa,gs_m5_pond_split_trasferta,diff_xg_gol_m5_gen_casa,diff_xg_gol_m5_gen_trasferta,h2h_punti_m5_casa,h2h_punti_m5_trasferta,h2h_gf_m5_casa,h2h_gs_m5_casa,h2h_xg_m5_casa,h2h_xg_m5_trasferta,h2h_split_punti_m5_casa,h2h_split_gf_m5_casa,giorni_riposo_casa,giorni_riposo_trasferta,partite_14gg_casa,partite_14gg_trasferta,is_derby,dist_champions_casa,dist_champions_trasferta,dist_europa_casa,dist_europa_trasferta,dist_salvezza_casa,dist_salvezza_trasferta,giornata_stagione,meta_stagione,tiri_m5_gen_casa,tiri_m5_gen_trasferta,tiri_porta_m5_gen_casa,tiri_porta_m5_gen_trasferta,corner_m5_gen_casa,corner_m5_gen_trasferta,cartellini_m5_gen_casa,cartellini_m5_gen_trasferta
E0,2015-01-01,Stoke,Man United,1691.77,1851.94,1,1,X,1.41,0.93,11,4,25,36,2.1333333333333333,1.9333333333333331,1.6666666666666667,1.6,1.1586666666666663,1.7566666666666668,1.4893333333333334,1.418,1.214,1.0586666666666666,1.45,1.2553333333333334,1.2666666666666666,1.5333333333333334,1.5333333333333334,0.9333333333333332,0.6666666666666666,0.5333333333333333,1.3333333333333333,0.6666666666666666,-0.1080000000000001,0.2233333333333333,0.6,2.4,1.4,2.4,1.29,1.91,0.8,0.8,4.0,4.0,3,3,0,-11,0,-6,5,8,19,20,2,11.933333333333334,10.266666666666667,2.6,5.466666666666667,4.933333333333334,5.2,1.6,2.4
E0,2015-01-01,Man City,Sunderland,1945.55,1646.37,3,2,1,3.63,0.98,2,14,43,20,2.333333333333333,1.1333333333333333,2.333333333333333,1.6666666666666667,1.606,1.2786666666666668,1.762,1.086,1.25,0.7859999999999999,0.7773333333333333,0.732,2.2666666666666666,0.6,2.0,0.4666666666666667,0.9333333333333332,0.9333333333333332,0.8,0.0666666666666666,-0.6606666666666665,0.6786666666666669,1.4,1.4,1.8,1.0,1.04,0.41,2.2,3.4,4.0,4.0,3,3,0,10,-13,12,-11,26,3,20,2,13.533333333333331,13.6,4.666666666666667,3.0,7.533333333333333,5.466666666666667,2.466666666666667,3.6666666666666665
E0,2015-01-01,QPR,Swansea,1577.73,1681.75,1,1,X,3.16,1.7,16,9,18,28,1.1333333333333333,1.4,2.2,0.8666666666666667,1.2866666666666666,1.074,1.7673333333333334,1.094,1.1246666666666667,1.8766666666666665,1.102,2.1166666666666667,1.1333333333333333,1.0,1.7333333333333334,0.9333333333333332,1.3333333333333333,1.8,0.9333333333333332,2.2,0.1533333333333333,0.074,0.8,2.0,1.0,2.4,0.79,1.54,1.5,1.5,4.0,3.0,3,3,0,-15,-5,-13,-3,1,11,20,2,14.333333333333334,10.866666666666667,3.8666666666666663,3.0,5.8,4.266666666666667,2.2,1.2
E0,2015-01-01,Southampton,Arsenal,1753.29,1857.14,2,0,1,2.41,0.85,4,5,33,33,1.7333333333333334,2.4,1.3333333333333333,1.6666666666666667,1.315333333333333,2.294,1.3060000000000005,1.984,0.5013333333333333,1.2513333333333334,0.8133333333333332,1.2993333333333337,1.8,2.2666666666666666,1.4666666666666666,1.8,0.8666666666666667,1.3333333333333333,1.1333333333333333,1.6,-0.484666666666667,0.0273333333333329,0.4,2.2,0.8,2.4,0.57,2.37,1.2,1.4,4.0,4.0,3,3,0,0,0,2,2,16,16,20,2,11.666666666666666,15.666666666666666,3.333333333333333,5.2,4.2,7.266666666666667,1.7333333333333334,2.6
E0,2015-01-01,West Ham,West Brom,1704.92,1607.58,1,1,X,1.14,1.12,7,18,31,17,0.9333333333333332,0.4666666666666667,1.8666666666666667,0.4,1.04,1.68,1.426,1.0613333333333337,2.449333333333333,1.638,1.5666666666666669,1.9926666666666668,1.0666666666666669,0.8,1.6,0.6,1.4,2.066666666666667,0.8666666666666667,1.7333333333333334,-0.0266666666666666,0.8799999999999999,1.6,1.0,1.6,1.2,1.24,1.41,1.8,1.8,4.0,4.0,3,3,0,-5,-19,-2,-16,14,0,20,2,11.8,15.133333333333333,3.2666666666666666,5.0,7.266666666666667,6.533333333333333,2.066666666666667,1.2666666666666666
E0,2015-01-01,Aston Villa,Crystal Palace,1618.71,1607.67,0,0,X,1.39,0.58,13,18,21,16,0.7333333333333333,0.5333333333333333,1.3333333333333333,0.6666666666666666,0.8793333333333333,0.5080000000000001,0.976,0.7746666666666666,0.9166666666666666,0.9493333333333333,1.0546666666666666,0.9633333333333332,0.3333333333333333,0.4,0.8666666666666667,0.1333333333333333,0.6666666666666666,1.5333333333333334,0.7333333333333333,1.0,0.546,0.1080000000000001,0.8,2.0,0.4,1.0,0.19,0.8,0.5,0.5,4.0,4.0,3,3,0,-12,-17,-10,-15,5,0,20,2,11.6,9.866666666666667,3.333333333333333,2.933333333333333,2.533333333333333,6.666666666666667,2.8,1.0666666666666669
E0,2015-01-01,Hull,Everton,1575.98,1758.46,2,0,1,1.96,0.96,18,13,16,21,0.8666666666666667,0.4,0.2,0.0666666666666666,1.0666666666666669,0.8720000000000001,1.0553333333333332,0.8066666666666668,0.946,1.6646666666666667,1.0733333333333333,1.794,0.8,1.0666666666666669,0.1333333333333333,0.8666666666666667,1.0666666666666669,2.066666666666667,0.9333333333333332,2.333333333333333,0.2666666666666666,-0.1946666666666665,0.8,2.0,1.2,2.4,0.3,1.28,1.3333333333333333,1.6666666666666667,4.0,4.0,3,3,0,-17,-12,-15,-10,-1,4,20,2,13.533333333333331,12.2,3.733333333333333,3.6,4.933333333333334,5.2,1.8666666666666667,1.7333333333333334
E0,2015-01-01,Liverpool,Leicester,1802.87,1593.65,2,2,X,2.39,1.09,8,20,28,13,2.066666666666667,1.0,1.8666666666666667,1.0,1.936,0.6993333333333334,1.840666666666667,0.754,0.904,1.5086666666666668,0.836,1.8206666666666669,2.0,0.6666666666666666,2.066666666666667,0.8,1.1333333333333333,1.2,1.0,1.4666666666666666,-0.064,0.0326666666666667,2.6,0.2,2.0,0.6,1.3,1.24,3.0,1.3333333333333333,3.0,4.0,3,3,0,-5,-20,-3,-18,11,-4,20,2,18.6,10.8,7.8,3.466666666666667,5.8,5.466666666666667,1.2666666666666666,1.8666666666666667
E0,2015-01-01,Tottenham,Chelsea,1767.54,1949.94,5,3,1,1.82,3.03,7,1,31,46,2.2,2.1333333333333333,1.7333333333333334,1.4666666666666666,1.1746666666666667,1.722,1.1966666666666663,1.2246666666666668,1.5793333333333333,0.5393333333333333,1.3706666666666665,0.7566666666666666,1.2,1.6,0.8666666666666667,1.2,0.6,0.4666666666666667,0.5333333333333333,0.8,-0.0253333333333332,0.1219999999999998,0.4,2.2,1.0,2.8,0.29,1.72,1.2,1.4,4.0,4.0,3,3,1,-5,10,0,15,14,29,20,2,12.0,16.133333333333333,4.066666666666666,4.866666666666666,4.4,6.466666666666667,2.0,1.2666666666666666
F1,2015-01-09,Montpellier,Marseille,1600.24,1709.28,2,1,1,0.16,0.22,10,1,26,41,1.2666666666666666,1.9333333333333331,1.5333333333333334,0.4666666666666667,1.4926666666666668,1.5073333333333332,1.442,1.4906666666666666,1.157333333333333,0.8979999999999999,1.0253333333333332,1.34,1.6666666666666667,1.5333333333333334,1.8,0.4,1.1333333333333333,0.9333333333333332,1.6,1.2,-0.1739999999999999,-0.0260000000000002,0.6,2.4,1.2,1.8,1.56,1.1,1.2,1.2,14.0,14.0,0,0,0,-10,5,-5,10,7,22,20,2,7.466666666666667,13.333333333333334,4.0,3.8666666666666663,4.6,7.266666666666667,2.333333333333333,1.0666666666666669
F1,2015-01-10,Bastia,Paris SG,1533.85,1848.32,4,2,1,1.45,1.31,19,3,18,38,1.1333333333333333,1.2666666666666666,1.6,1.4666666666666666,1.2646666666666666,1.4246666666666667,1.1753333333333331,2.108,0.6313333333333334,0.4266666666666667,0.7066666666666668,1.2046666666666668,1.0666666666666669,0.6,1.2666666666666666,1.3333333333333333,0.9333333333333332,0.6,0.7333333333333333,1.2,0.1979999999999999,0.8246666666666668,0.0,3.0,0.2,3.2,0.16,1.51,0.6,0.4,14.0,14.0,0,0,0,-18,2,-13,7,-1,19,20,2,11.466666666666669,13.066666666666666,3.8,4.133333333333334,4.066666666666666,6.2,2.6,1.5333333333333334
F1,2015-01-10,Evian Thonon Gaillard,Rennes,1539.58,1580.03,1,1,X,1.17,2.15,19,9,19,28,0.2,0.6,1.6,1.6,0.704,0.6460000000000001,0.958,0.5866666666666667,1.368,1.5326666666666668,1.66,0.914,0.8,0.7333333333333333,1.6,0.8666666666666667,2.2,2.466666666666667,1.2666666666666666,1.0666666666666669,-0.096,-0.0873333333333331,1.4,1.4,1.6,2.0,1.06,1.82,1.0,2.0,3.0,14.0,1,0,0,-17,-8,-12,-3,0,9,20,2,6.733333333333333,7.6,2.466666666666667,2.0,3.4,2.933333333333333,1.6,2.066666666666667
F1,2015-01-10,Guingamp,Lens,1548.81,1513.57,2,0,1,2.28,0.49,13,18,22,19,2.1333333333333333,1.6666666666666667,2.2,0.5333333333333333,1.1273333333333333,1.352666666666667,1.3133333333333337,1.094666666666667,1.0153333333333334,1.094666666666667,1.0873333333333333,1.629333333333333,1.8666666666666667,1.8,1.9333333333333331,1.2666666666666666,1.0,1.2666666666666666,0.9333333333333332,2.0,-0.7393333333333334,-0.4473333333333333,1.8,1.2,0.8,1.0,1.0,0.91,2.0,0.6666666666666666,14.0,14.0,0,0,0,-14,-17,-9,-12,2,-1,20,2,9.666666666666666,13.266666666666667,4.066666666666666,4.8,4.466666666666667,5.066666666666666,0.9333333333333332,2.6666666666666665
F1,2015-01-10,Lille,Caen,1635.74,1506.92,1,0,1,1.19,0.19,12,20,24,15,1.8,0.4,2.1333333333333333,0.2666666666666666,0.9926666666666664,0.8320000000000001,1.368,0.518,0.9906666666666666,2.3506666666666667,1.1993333333333334,3.058,1.4,0.9333333333333332,1.5333333333333334,1.0,0.7333333333333333,2.466666666666667,0.4666666666666667,3.2,-0.4073333333333334,-0.1013333333333332,3.0,0.0,2.8,0.8,0.95,0.27,2.6,3.0,3.0,14.0,1,0,0,-12,-21,-7,-16,4,-5,20,2,11.2,11.8,3.533333333333333,2.6666666666666665,2.466666666666667,3.6,1.0,1.6666666666666667
F1,2015-01-10,Nice,Lorient,1544.58,1559.81,3,1,1,2.64,0.2,13,16,22,20,0.8666666666666667,1.1333333333333333,0.5333333333333333,1.0,0.882,2.155333333333333,0.7853333333333333,1.4226666666666667,1.11,1.4373333333333336,0.68,2.254,0.7333333333333333,1.8666666666666667,0.4,1.7333333333333334,1.4,1.8,1.0,2.0,0.1486666666666667,0.2886666666666664,0.6,1.8,0.6,1.4,0.33,1.03,2.0,1.4,14.0,14.0,0,0,0,-14,-16,-9,-11,2,0,20,2,8.533333333333333,17.733333333333334,3.8,7.266666666666667,5.466666666666667,4.933333333333334,1.8,0.4666666666666667
F1,2015-01-10,Reims,St Etienne,1571.99,1692.21,1,2,2,1.24,1.26,10,4,28,36,2.0,2.466666666666667,2.2,1.6666666666666667,1.0726666666666669,1.008,1.3906666666666667,1.0553333333333337,0.838,0.61,0.8286666666666667,0.6033333333333333,2.466666666666667,1.6666666666666667,2.2666666666666666,0.7333333333333333,1.8,0.0,1.6666666666666667,0.1333333333333333,-1.394,-0.6586666666666667,0.6,1.8,0.8,2.0,0.29,2.43,1.0,1.5,14.0,14.0,0,0,0,-8,0,-3,5,8,16,20,2,12.866666666666667,10.0,4.933333333333334,3.4,4.866666666666666,5.6,2.333333333333333,1.2666666666666666
E0,2015-01-10,Sunderland,Liverpool,1646.37,1802.87,0,1,2,0.25,2.16,15,8,20,29,0.7333333333333333,1.8666666666666667,0.4666666666666667,1.6,1.2053333333333334,2.186,1.064,1.2593333333333334,1.7333333333333334,0.972,0.916,1.232,1.0666666666666669,2.2,0.8666666666666667,1.0666666666666669,1.6666666666666667,1.4,2.1333333333333333,1.4666666666666666,0.1386666666666667,-0.0140000000000002,0.4,2.2,0.6,1.8,0.27,0.66,1.4,0.8,9.0,9.0,2,2,0,-16,-7,-13,-4,1,10,21,2,10.733333333333333,18.466666666666665,3.4,7.466666666666667,4.933333333333334,5.133333333333334,3.533333333333333,1.4666666666666666
E0,2015-01-10,Swansea,West Ham,1681.75,1704.92,1,1,X,1.55,0.73,9,7,29,32,1.3333333333333333,0.8,1.9333333333333331,0.9333333333333332,1.2586666666666666,1.0193333333333332,1.1853333333333331,0.8180000000000001,2.3713333333333333,2.1606666666666663,1.146,2.278,1.0,0.9333333333333332,1.2666666666666666,0.9333333333333332,1.5333333333333334,1.3333333333333333,0.7333333333333333,1.5333333333333334,0.2586666666666666,0.0859999999999998,0.8,2.0,0.8,1.2,1.0,2.12,2.0,1.5,9.0,9.0,2,2,0,-7,-4,-4,-1,10,13,21,2,15.4,10.2,4.066666666666666,2.8666666666666667,5.733333333333333,4.8,1.0,1.8666666666666667
E0,2015-01-10,West Brom,Hull,1607.58,1575.98,1,0,1,0.78,0.4,19,17,18,19,0.5333333333333333,1.6,0.8,1.2,1.5333333333333337,1.424,1.64,0.5299999999999999,1.542,0.9146666666666666,1.2073333333333334,1.344,0.8666666666666667,1.2666666666666666,0.8,1.2,1.8666666666666667,0.7333333333333333,1.6666666666666667,1.5333333333333334,0.666666666666667,0.1573333333333333,0.6,1.8,0.6,1.6,1.06,0.59,0.5,0.5,9.0,9.0,2,2,0,-18,-17,-15,-14,-1,0,21,2,15.266666666666667,14.066666666666666,4.4,4.4,4.866666666666666,4.8,0.8,1.8666666666666667
E0,2015-01-10,Chelsea,Newcastle,1949.94,1667.12,2,0,1,1.08,0.39,1,10,46,27,1.4666666666666666,1.1333333333333333,3.0,0.4,2.137333333333333,1.2613333333333334,2.591333333333333,0.8733333333333333,0.924,1.6606666666666663,0.3746666666666666,1.5913333333333337,2.066666666666667,2.066666666666667,2.2,0.9333333333333332,1.9333333333333331,2.533333333333333,0.0666666666666666,2.4,0.0706666666666659,-0.8053333333333335,1.2,1.8,1.6,1.4,2.16,1.49,1.6,1.4,9.0,9.0,2,2,0,10,-9,13,-6,27,8,21,2,16.6,11.066666666666666,5.4,4.933333333333334,5.2,6.133333333333334,1.0666666666666669,2.2666666666666666
E0,2015-01-10,Everton,Man City,1758.46,1945.55,1,1,X,0.95,1.51,13,2,21,46,0.2,2.466666666666667,1.4666666666666666,2.8666666666666667,0.9373333333333336,2.264,1.1133333333333333,1.606666666666667,1.7486666666666666,1.236,0.9806666666666668,1.2886666666666666,0.7333333333333333,2.6,1.2666666666666666,2.6,2.1333333333333333,1.4,0.9333333333333332,0.6666666666666666,0.2040000000000001,-0.3360000000000003,0.8,2.0,1.2,1.6,0.39,2.25,2.4,1.8,9.0,9.0,2,2,0,-15,10,-12,13,2,27,21,2,11.2,19.6,3.4,7.266666666666667,6.133333333333334,8.4,2.466666666666667,2.333333333333333
E0,2015-01-10,Leicester,Aston Villa,1593.65,1618.71,1,0,1,2.37,0.61,20,13,14,22,1.1333333333333333,0.7333333333333333,0.1333333333333333,0.8,0.8173333333333334,1.0159999999999998,1.02,0.766,1.7959999999999998,0.7786666666666666,1.1706666666666667,1.1506666666666665,1.1333333333333333,0.1333333333333333,0.5333333333333333,0.3333333333333333,1.4,0.4,1.6,0.7333333333333333,-0.3159999999999999,0.8826666666666665,0.8,2.0,1.2,2.4,1.01,1.98,0.6666666666666666,0.6666666666666666,9.0,9.0,2,2,0,-22,-14,-19,-11,-5,3,21,2,12.6,12.4,3.333333333333333,3.066666666666667,5.2,3.2666666666666666,1.8,2.1333333333333333
E0,2015-01-10,Crystal Palace,Tottenham,1607.67,1767.54,2,1,1,2.86,0.92,19,5,17,34,0.6666666666666666,2.466666666666667,0.6666666666666666,2.4,0.492,1.4006666666666665,0.6673333333333333,1.1633333333333336,1.0806666666666669,2.1066666666666665,0.8866666666666667,1.4653333333333332,0.2666666666666666,2.466666666666667,1.0666666666666669,1.6,1.0666666666666669,1.4,1.8,1.4,0.2253333333333333,-1.0660000000000005,1.0,1.6,0.8,0.8,1.17,0.96,1.5,1.5,9.0,9.0,2,2,0,-19,-2,-16,1,-2,15,21,2,8.333333333333334,11.4,1.9333333333333331,5.4,4.733333333333333,4.466666666666667,1.0666666666666669,2.333333333333333
F1,2015-01-11,Lyon,Toulouse,1735.82,1555.17,3,0,1,1.52,0.51,2,15,39,21,2.8,0.7333333333333333,3.0,0.8,3.132,0.7873333333333332,2.345333333333333,0.5653333333333334,0.9766666666666668,1.7459999999999998,0.842,1.7766666666666666,3.333333333333333,0.7333333333333333,2.6,0.6666666666666666,0.7333333333333333,1.8666666666666667,0.5333333333333333,2.066666666666667,-0.2013333333333338,0.0539999999999999,1.0,1.6,1.0,1.4,1.29,1.44,2.6,2.2,14.0,14.0,0,0,0,1,-17,8,-10,19,1,20,2,19.2,8.666666666666666,8.666666666666666,2.6666666666666665,4.666666666666667,4.4,1.3333333333333333,2.1333333333333333
F1,2015-01-11,Nantes,Metz,1595.44,1506.35,0,0,X,0.68,0.85,7,19,30,19,1.8,0.1333333333333333,1.4,0.0,0.6766666666666666,0.788,0.8166666666666667,0.6186666666666666,1.7673333333333332,1.5026666666666666,1.0046666666666666,1.7733333333333334,1.5333333333333334,0.4666666666666667,1.1333333333333333,0.6,1.4,1.8666666666666667,1.0666666666666669,2.6666666666666665,-0.8566666666666668,0.3213333333333333,1.6,1.0,1.2,0.6,0.62,1.22,1.8,1.0,14.0,14.0,0,0,0,-8,-19,-2,-13,10,-1,20,2,10.0,13.466666666666669,3.8,4.466666666666667,3.466666666666667,5.8,0.9333333333333332,2.066666666666667
F1,2015-01-11,Monaco,Bordeaux,1730.66,1616.88,0,0,X,0.93,0.73,5,6,32,31,2.8,0.9333333333333332,2.333333333333333,0.6666666666666666,1.1846666666666663,1.3886666666666665,1.584666666666667,0.912,0.9566666666666666,1.618,1.13,1.3446666666666665,1.2666666666666666,0.9333333333333332,1.5333333333333334,0.8,0.1333333333333333,2.6,0.5333333333333333,1.6,-0.082,0.4553333333333331,1.6,1.0,1.4,1.4,0.58,3.77,0.6,1.2,14.0,14.0,0,0,0,-6,-7,1,0,12,11,20,2,10.2,13.8,3.6666666666666665,5.133333333333334,5.466666666666667,5.4,1.8,1.2
E0,2015-01-11,Arsenal,Stoke,1857.14,1691.77,3,0,1,2.27,0.4,6,11,33,26,1.7333333333333334,1.8,2.6,1.4666666666666666,1.8666666666666667,1.198,2.3800000000000003,1.165333333333333,1.582,1.1013333333333335,0.9873333333333334,1.165333333333333,1.4666666666666666,1.1333333333333333,2.2666666666666666,0.9333333333333332,1.4666666666666666,0.6666666666666666,0.8666666666666667,0.8666666666666667,0.4000000000000001,0.0646666666666666,1.4,1.4,1.2,1.0,2.02,2.5,3.0,2.0,10.0,10.0,2,2,0,-3,-10,0,-7,13,6,21,2,14.333333333333334,11.733333333333333,5.533333333333333,2.333333333333333,7.066666666666666,6.933333333333334,2.066666666666667,1.0
E0,2015-01-11,Man United,Southampton,1851.94,1753.29,0,1,2,1.19,1.16,3,4,37,36,1.5333333333333334,2.2666666666666666,3.0,1.3333333333333333,1.5473333333333334,1.6133333333333335,1.782,1.2446666666666668,1.1153333333333333,0.6046666666666667,1.157333333333333,0.8753333333333333,1.2666666666666666,1.9333333333333331,2.6666666666666665,1.2,0.6666666666666666,0.5333333333333333,0.5333333333333333,0.9333333333333332,0.2806666666666668,-0.3199999999999998,2.2,0.4,1.8,1.2,0.8,1.83,2.6,2.2,10.0,10.0,2,2,0,1,0,3,2,17,16,21,2,9.066666666666666,11.8,4.4,4.133333333333334,6.066666666666666,3.4,1.6666666666666667,1.8
F1,2015-01-16,Bordeaux,Nice,1621.85,1554.0,1,2,2,1.2,0.94,6,12,32,25,0.8,1.6,1.8666666666666667,1.0,1.18,1.4660000000000002,1.6993333333333331,1.3286666666666664,1.4873333333333334,0.7853333333333334,1.6833333333333331,1.6266666666666665,0.6,1.4666666666666666,1.3333333333333333,1.2666666666666666,2.0,1.2666666666666666,2.4,1.6666666666666667,0.58,-0.0006666666666663,2.2,0.4,1.6,0.8,1.39,0.83,1.6,1.8,5.0,6.0,1,1,0,-6,-13,0,-7,12,5,21,2,12.066666666666666,12.066666666666666,5.266666666666667,5.4,4.2,6.266666666666667,1.2,1.5333333333333334
F1,2015-01-17,Lens,Lyon,1505.97,1740.36,0,2,2,0.97,1.17,19,1,19,42,1.1333333333333333,3.0,1.8666666666666667,2.1333333333333333,1.0626666666666666,2.698,1.3046666666666666,2.376,1.5026666666666666,0.7686666666666667,0.9266666666666664,1.2486666666666666,1.2666666666666666,3.466666666666667,1.5333333333333334,2.6666666666666665,1.5333333333333334,0.3333333333333333,0.7333333333333333,1.2,-0.2039999999999999,-0.7686666666666668,0.6,2.4,0.4,1.8,1.83,0.91,0.8,1.0,7.0,6.0,1,1,0,-19,4,-13,10,-1,22,21,2,12.0,15.866666666666667,4.0,7.866666666666666,6.066666666666666,3.6666666666666665,2.8666666666666667,1.2666666666666666
F1,2015-01-17,Lorient,Lille,1550.38,1643.42,1,0,1,1.55,0.69,16,12,20,27,0.6666666666666666,2.2666666666666666,1.4,0.2666666666666666,1.5413333333333332,1.0193333333333332,2.095333333333333,0.598,1.7320000000000002,0.6153333333333334,1.0066666666666668,1.464,1.5333333333333334,1.2666666666666666,1.5333333333333334,0.6,2.2,0.4666666666666667,1.2666666666666666,1.5333333333333334,0.0079999999999997,-0.2473333333333334,0.6,2.4,0.6,2.4,0.34,0.78,1.4,1.2,7.0,7.0,1,2,0,-18,-11,-12,-5,0,7,21,2,13.933333333333334,11.933333333333334,5.333333333333333,3.6,3.733333333333333,4.0,0.3333333333333333,1.0
F1,2015-01-17,Toulouse,Bastia,1550.63,1553.65,1,1,X,0.27,0.76,16,15,21,21,0.4666666666666667,1.8666666666666667,0.7333333333333333,0.5333333333333333,0.612,1.3153333333333337,1.2493333333333334,1.0546666666666664,1.628,0.8106666666666666,1.5306666666666666,0.7386666666666667,0.4,2.066666666666667,1.1333333333333333,0.6,2.2,1.2,1.6,1.1333333333333333,0.2119999999999999,-0.7513333333333334,0.4,2.2,0.4,1.2,0.71,1.15,1.0,0.5,6.0,7.0,1,1,0,-17,-17,-11,-11,1,1,21,2,8.533333333333333,9.866666666666667,2.466666666666667,3.933333333333333,4.8,3.2,2.466666666666667,2.8
F1,2015-01-17,Metz,Montpellier,1510.76,1609.27,2,3,2,1.48,2.65,17,8,20,29,0.4,1.8666666666666667,0.7333333333333333,1.3333333333333333,0.7799999999999999,1.0586666666666669,1.3866666666666667,1.386,1.2466666666666668,0.7626666666666666,1.1053333333333333,1.2773333333333334,0.3333333333333333,1.8,0.8,1.2666666666666666,1.2666666666666666,1.0666666666666669,1.2,0.5333333333333333,0.4466666666666666,-0.7413333333333332,1.4,1.4,0.6,1.2,1.52,1.59,2.0,1.0,6.0,8.0,1,1,0,-18,-9,-12,-3,0,9,21,2,12.533333333333331,8.733333333333333,4.2,3.8666666666666663,5.533333333333333,4.0,2.333333333333333,1.7333333333333334
F1,2015-01-17,Monaco,Nantes,1725.69,1591.03,1,0,1,2.22,1.23,5,8,33,31,2.333333333333333,1.7333333333333334,1.9333333333333331,1.6,1.114,0.6626666666666667,1.2986666666666666,0.7846666666666666,0.866,1.5579999999999998,1.012,1.6939999999999995,0.8666666666666667,1.1333333333333333,1.0,1.3333333333333333,0.0,0.8666666666666667,0.3333333333333333,1.4,0.2473333333333334,-0.4706666666666665,2.0,0.8,1.4,0.8,0.84,2.59,2.0,1.8,6.0,6.0,1,1,0,-5,-7,1,-1,13,11,21,2,11.6,10.133333333333333,3.733333333333333,2.933333333333333,7.866666666666666,3.466666666666667,1.5333333333333334,0.8666666666666667
E0,2015-01-17,Aston Villa,Liverpool,1609.8,1802.0,0,2,2,0.85,1.54,13,8,22,32,0.5333333333333333,2.333333333333333,1.2666666666666666,2.2,0.932,2.244,1.092,1.616,1.2660000000000002,0.7053333333333334,0.8260000000000001,0.8693333333333334,0.0666666666666666,1.9333333333333331,0.5333333333333333,1.0666666666666669,0.5333333333333333,0.8666666666666667,0.4,0.9333333333333332,0.8653333333333334,0.3106666666666664,1.4,1.4,1.4,1.2,0.7,0.73,0.6,0.4,7.0,7.0,1,1,0,-15,-5,-12,-2,2,12,22,2,12.666666666666666,19.133333333333333,2.4,6.2,4.333333333333333,5.2,2.0,2.2666666666666666
E0,2015-01-17,QPR,Man United,1572.84,1837.43,0,2,2,0.93,1.56,19,4,19,37,0.6666666666666666,0.9333333333333332,1.8,1.4,1.8493333333333333,1.416,2.166,1.3186666666666669,1.6213333333333333,1.1166666666666667,1.2226666666666666,1.2006666666666668,0.9333333333333332,0.7333333333333333,1.4,0.9333333333333332,1.3333333333333333,0.8,0.8666666666666667,0.7333333333333333,0.916,0.6826666666666669,0.0,3.0,0.2,2.6,0.56,2.21,0.0,0.0,7.0,6.0,1,1,0,-18,0,-16,2,-1,17,22,2,17.533333333333335,9.0,5.266666666666667,2.6666666666666665,5.466666666666667,5.2,2.7333333333333334,1.6666666666666667
E0,2015-01-17,Swansea,Chelsea,1679.28,1936.41,0,5,2,0.21,3.2,9,1,30,49,1.2,1.8,1.6,0.9333333333333332,1.346666666666667,1.844666666666667,1.3153333333333337,1.7773333333333332,1.9866666666666664,0.8099999999999999,0.974,1.0973333333333335,1.0,2.066666666666667,1.1333333333333333,1.8,1.4,1.5333333333333334,0.8,2.2,0.3466666666666667,-0.2220000000000002,0.2,2.6,0.6,1.8,1.02,3.57,0.6666666666666666,0.6666666666666666,7.0,7.0,1,1,0,-10,9,-5,14,10,29,22,2,17.0,14.2,3.8666666666666663,5.333333333333333,5.2,5.733333333333333,0.5333333333333333,1.3333333333333333
E0,2015-01-17,Tottenham,Sunderland,1772.43,1639.28,2,1,1,0.93,1.2,7,16,34,20,1.6,0.4,2.2,1.0666666666666669,1.2693333333333334,0.8413333333333334,1.401333333333333,1.084666666666667,2.453333333333333,1.9926666666666668,1.9626666666666663,1.6973333333333334,2.066666666666667,0.7333333333333333,2.2,0.8666666666666667,1.6666666666666667,1.5333333333333334,1.2666666666666666,1.0,-0.7973333333333334,0.1080000000000001,2.6,0.2,2.4,1.0,2.04,0.34,2.6,2.0,7.0,7.0,1,1,0,-6,-20,-1,-15,14,0,22,2,10.333333333333334,8.4,5.4,2.6,4.666666666666667,5.266666666666667,2.533333333333333,3.066666666666667
E0,2015-01-17,Newcastle,Southampton,1661.07,1777.98,1,2,2,0.86,0.43,11,3,27,39,0.8666666666666667,2.6,1.7333333333333334,1.8666666666666667,1.0026666666666666,1.456,1.35,1.2086666666666666,1.41,0.818,1.5893333333333337,0.9693333333333332,1.5333333333333334,1.6666666666666667,2.1333333333333333,1.2,2.333333333333333,0.3333333333333333,1.8666666666666667,0.6666666666666666,-0.5306666666666668,-0.2106666666666667,0.8,2.0,1.0,2.6,1.15,2.12,2.6,2.0,7.0,6.0,1,1,0,-10,2,-8,4,7,19,22,2,11.0,10.733333333333333,4.933333333333334,3.1333333333333333,5.4,3.8,2.466666666666667,2.2
F1,2015-01-18,Paris SG,Evian Thonon Gaillard,1828.52,1534.61,4,2,1,3.43,0.4,4,18,38,20,0.7333333333333333,0.3333333333333333,2.333333333333333,0.4,1.2853333333333334,0.8266666666666665,1.562,0.6653333333333333,0.7386666666666667,1.5366666666666666,0.2586666666666667,1.2339999999999998,1.0,0.7333333333333333,1.2,0.6666666666666666,1.7333333333333334,1.8,0.2666666666666666,2.0,0.2853333333333334,0.0933333333333332,2.0,0.8,1.2,0.4,0.39,0.63,3.0,2.6666666666666665,8.0,8.0,1,2,0,0,-18,6,-12,18,0,21,2,12.133333333333333,7.4,4.066666666666666,2.533333333333333,4.266666666666667,4.466666666666667,1.4,1.9333333333333331
F1,2015-01-18,Rennes,St Etienne,1580.83,1699.17,0,0,X,0.6,0.53,9,4,29,39,0.5333333333333333,2.6,1.2,2.066666666666667,1.104,1.032,1.1066666666666665,1.0686666666666669,1.4153333333333336,0.7473333333333334,1.5593333333333337,0.7900000000000001,0.7333333333333333,1.7333333333333334,1.0,1.1333333333333333,2.1333333333333333,0.3333333333333333,2.066666666666667,0.4,0.3706666666666668,-0.7013333333333334,1.2,1.2,1.0,1.0,0.36,1.16,1.8,1.4,8.0,8.0,1,1,0,-10,0,-3,7,9,19,21,2,8.8,11.2,3.6,4.133333333333334,3.533333333333333,5.6,1.4666666666666666,1.2
F1,2015-01-18,Marseille,Guingamp,1700.25,1556.41,2,1,1,1.13,1.32,2,13,41,25,1.2666666666666666,2.466666666666667,3.0,1.3333333333333333,1.092,1.4986666666666664,1.5893333333333333,0.9613333333333334,0.652,0.868,0.8486666666666667,1.0073333333333332,1.3333333333333333,1.8666666666666667,2.4,1.4,1.3333333333333333,0.6,0.8,1.7333333333333334,-0.2413333333333334,-0.3680000000000003,2.4,0.6,1.2,0.6,0.71,0.45,2.25,1.5,9.0,8.0,1,1,0,3,-13,9,-7,21,5,21,2,12.666666666666666,10.8,3.6666666666666665,3.466666666666667,5.8,5.6,1.7333333333333334,0.8666666666666667
E0,2015-01-18,West Ham,Hull,1701.86,1585.93,3,0,1,2.69,0.42,8,18,33,19,0.8,1.2,1.5333333333333334,0.9333333333333332,0.9273333333333332,1.1700000000000002,1.3219999999999998,0.506,2.0073333333333334,0.8300000000000001,1.5513333333333337,1.155333333333333,0.9333333333333332,0.9333333333333332,1.4666666666666666,0.9333333333333332,1.2666666666666666,0.7333333333333333,1.0,1.3333333333333333,-0.006,0.2366666666666668,1.6,1.0,2.0,1.4,0.66,0.44,3.0,2.333333333333333,8.0,8.0,1,1,0,-7,-21,-4,-18,13,-1,22,2,10.066666666666666,13.8,3.4,3.8666666666666663,4.466666666666667,3.933333333333333,1.6,1.1333333333333333
E0,2015-01-18,Man City,Arsenal,1943.1,1849.93,0,2,2,0.56,1.49,2,6,47,36,1.9333333333333331,2.066666666666667,2.466666666666667,1.2,2.123333333333333,1.9906666666666664,2.313333333333333,1.6693333333333331,1.1726666666666667,1.2486666666666666,0.8506666666666668,1.7180000000000002,2.1333333333333333,1.8,2.4,1.2666666666666666,1.4,1.0,1.2666666666666666,1.7333333333333334,-0.0099999999999997,0.1906666666666665,1.8,0.6,2.4,1.4,2.31,2.08,2.0,2.4,8.0,7.0,1,1,0,7,-4,11,0,27,16,22,2,20.133333333333333,14.266666666666667,5.933333333333334,5.866666666666666,9.0,7.666666666666667,2.2666666666666666,1.3333333333333333
E0,2015-01-19,Everton,West Brom,1746.28,1617.94,0,0,X,1.49,0.2,13,15,22,21,0.3333333333333333,1.2666666666666666,1.2666666666666666,0.4666666666666667,0.9613333333333334,1.2693333333333332,1.0286666666666666,1.1433333333333335,1.7020000000000002,1.1626666666666667,1.1853333333333331,1.6693333333333331,0.7333333333333333,0.8666666666666667,1.2,0.7333333333333333,1.8,1.2666666666666666,1.0,1.6,0.2280000000000001,0.4026666666666665,1.6,1.0,1.0,0.8,0.81,0.6,2.0,1.4,9.0,9.0,1,1,0,-18,-19,-15,-16,2,1,22,2,10.866666666666667,13.2,3.466666666666667,3.8,5.666666666666667,4.6,2.1333333333333333,0.7333333333333333
F1,2015-01-23,Nice,Marseille,1554.0,1700.25,2,1,1,2.0,1.59,10,2,28,44,2.1333333333333333,1.8,1.4,0.2,1.332,1.0166666666666666,1.3633333333333335,1.0286666666666666,0.8993333333333332,0.8320000000000001,0.4986666666666667,0.976,1.6666666666666667,1.5333333333333334,1.2666666666666666,0.5333333333333333,1.1333333333333333,1.2666666666666666,0.9333333333333332,1.4666666666666666,-0.3346666666666666,-0.5166666666666668,1.4,1.4,0.8,1.4,0.7,4.69,1.4,0.8,7.0,5.0,2,2,0,-12,4,-4,12,8,24,22,2,11.2,13.533333333333331,4.333333333333333,4.466666666666667,6.2,5.533333333333333,2.6666666666666665,2.2666666666666666
SP1,2015-01-24,Elche,Barcelona,1638.88,2012.35,0,6,2,0.35,3.51,16,2,17,44,2.0,2.2666666666666666,1.3333333333333333,1.8,1.3873333333333335,2.3946666666666667,1.344,1.816,1.5033333333333334,0.6033333333333334,1.4980000000000002,0.5866666666666667,1.4,2.8,1.2,1.6,1.0,0.4666666666666667,1.3333333333333333,0.3333333333333333,-0.0126666666666663,-0.4053333333333331,0.3333333333333333,2.333333333333333,0.0,2.333333333333333,0.11,1.54,1.0,0.0,6.0,6.0,2,2,0,-22,5,-18,9,0,27,20,2,12.6,16.266666666666666,5.6,6.0,3.733333333333333,4.6,3.8,2.4
SP1,2015-01-24,Ath Madrid,Vallecano,1956.2,1669.15,3,1,1,1.49,0.7,3,10,41,23,2.0,1.6,2.4,2.2,1.584,1.456,1.6366666666666667,1.2713333333333334,1.2199999999999998,0.9486666666666664,0.3213333333333333,1.2193333333333334,2.066666666666667,0.8666666666666667,1.9333333333333331,1.0666666666666669,1.2,1.0666666666666669,0.5333333333333333,1.2,-0.482666666666667,0.5893333333333333,2.0,0.8,2.8,1.4,0.9,0.36,3.0,3.5,6.0,7.0,2,2,0,2,-16,6,-12,24,6,20,2,9.333333333333334,16.2,3.466666666666667,4.733333333333333,3.8,4.4,3.8,3.1333333333333333
SP1,2015-01-24,Villarreal,Levante,1810.52,1687.92,1,0,1,1.3,1.03,6,19,35,16,2.066666666666667,0.4666666666666667,2.8,0.2666666666666666,1.9653333333333327,0.8493333333333334,2.025333333333333,0.8919999999999999,0.8113333333333335,1.4293333333333331,0.5633333333333332,1.6273333333333333,1.8,0.3333333333333333,2.6,0.4666666666666667,0.6666666666666666,1.0666666666666669,0.3333333333333333,1.4666666666666666,0.1653333333333331,0.516,1.8,1.2,1.2,0.8,3.01,0.35,1.8,1.6,7.0,6.0,2,1,0,-4,-23,0,-19,18,-1,20,2,14.8,9.666666666666666,5.533333333333333,1.9333333333333331,6.4,4.733333333333333,2.6,3.6
F1,2015-01-24,Lille,Monaco,1643.42,1725.69,0,1,2,0.74,0.91,13,5,27,36,1.6,2.466666666666667,2.6,2.1333333333333333,0.8886666666666666,1.462,1.26,1.2093333333333334,0.8973333333333334,0.9713333333333334,0.8133333333333332,0.7446666666666667,0.8,0.8,1.4,1.2,0.6,0.0,0.2,0.6,0.0886666666666665,0.6619999999999999,1.6,1.0,1.2,0.8,0.21,1.74,2.4,2.0,7.0,7.0,2,2,0,-13,-4,-6,3,7,16,22,2,12.6,11.666666666666666,3.733333333333333,3.733333333333333,5.2,6.533333333333333,0.9333333333333332,1.3333333333333333
F1,2015-01-24,Guingamp,Lorient,1556.41,1550.38,3,2,1,2.31,1.86,13,15,25,23,1.6,1.4,2.6,0.6,1.4366666666666668,1.538,1.614,1.084,0.962,1.3793333333333335,0.7833333333333333,2.5046666666666666,1.4,1.3333333333333333,2.0,1.5333333333333334,1.0,1.5333333333333334,0.3333333333333333,2.466666666666667,0.0366666666666668,0.2046666666666667,1.2,1.8,1.6,3.0,0.61,2.05,3.0,3.0,6.0,7.0,2,2,0,-15,-17,-8,-10,5,3,22,2,10.8,14.133333333333333,3.333333333333333,5.6,5.2,4.4,0.8,0.8666666666666667
F1,2015-01-24,Montpellier,Nantes,1609.27,1591.03,4,0,1,1.41,0.56,7,8,32,31,2.333333333333333,1.2666666666666666,1.8666666666666667,1.0,1.4853333333333334,0.8366666666666667,1.0233333333333334,0.8733333333333334,0.93,1.8,0.8226666666666667,2.014,2.2,0.7333333333333333,1.8666666666666667,0.8666666666666667,1.3333333333333333,0.8,1.5333333333333334,1.3333333333333333,-0.7146666666666668,0.1033333333333333,0.8,2.0,1.4,1.4,0.13,1.27,2.0,2.0,7.0,7.0,1,2,0,-8,-9,-1,-2,12,11,22,2,10.4,11.066666666666666,4.066666666666666,2.6,4.6,4.066666666666666,1.4666666666666666,0.8666666666666667
F1,2015-01-24,Bastia,Bordeaux,1553.65,1621.85,0,0,X,1.39,0.96,15,7,22,32,1.7333333333333334,0.4666666666666667,2.1333333333333333,0.7333333333333333,1.1146666666666667,1.162,1.2766666666666666,0.8553333333333334,0.628,1.3166666666666669,0.8346666666666667,1.1233333333333335,1.8666666666666667,0.6666666666666666,2.2,0.5333333333333333,1.1333333333333333,2.066666666666667,1.0666666666666669,1.0,-0.752,0.4953333333333333,1.4,1.4,1.0,0.8,1.03,1.36,1.8,1.4,7.0,8.0,2,2,0,-18,-8,-10,0,2,12,22,2,7.333333333333333,10.266666666666667,3.0,4.533333333333333,2.4,2.8666666666666667,2.2,1.4666666666666666
I1,2015-01-24,Cagliari,Sassuolo,1538.11,1572.6,2,1,1,1.68,0.56,18,11,16,25,1.2,1.3333333333333333,1.0666666666666669,1.4666666666666666,1.1953333333333334,1.6833333333333331,1.404,1.442,1.6106666666666667,1.6673333333333331,1.5466666666666669,2.048666666666667,1.3333333333333333,1.8666666666666667,1.0,2.066666666666667,2.333333333333333,1.7333333333333334,2.1333333333333333,1.9333333333333331,-0.1379999999999999,-0.1833333333333333,1.0,1.0,1.3333333333333333,1.3333333333333333,0.85,1.08,1.0,2.0,6.0,6.0,2,2,0,-17,-8,-14,-5,-2,7,20,2,11.533333333333331,14.6,4.466666666666667,5.6,4.866666666666666,6.4,3.2,3.6
I1,2015-01-24,Lazio,Milan,1681.53,1698.8,3,1,1,2.62,0.1,5,8,31,26,1.2,0.6,1.6,0.8,1.334,0.8006666666666667,1.5766666666666669,0.9366666666666668,0.6653333333333333,1.414,0.6513333333333333,1.8393333333333333,1.6,0.6,1.6666666666666667,0.6666666666666666,1.1333333333333333,1.0,0.8666666666666667,0.8666666666666667,-0.2660000000000002,0.2006666666666667,1.0,1.6,1.2,2.0,2.04,2.01,1.6,1.6,6.0,6.0,2,2,0,-2,-7,1,-4,12,7,20,2,16.866666666666667,11.666666666666666,5.333333333333333,3.533333333333333,6.066666666666666,5.933333333333334,3.0,2.933333333333333
SP1,2015-01-25,La Coruna,Granada,1639.83,1635.74,2,2,X,1.87,0.26,16,20,17,14,1.0666666666666669,0.4,1.4666666666666666,0.0666666666666666,0.7386666666666667,1.0993333333333333,0.886,0.564,1.5826666666666669,1.318,1.2913333333333334,1.8133333333333328,0.2666666666666666,0.4666666666666667,0.4666666666666667,0.3333333333333333,1.7333333333333334,1.6,1.4666666666666666,2.2666666666666666,0.472,0.6326666666666666,0.3333333333333333,2.333333333333333,0.6666666666666666,2.0,0.38,0.55,0.0,0.0,7.0,7.0,1,2,0,-22,-25,-21,-24,0,-3,20,2,9.733333333333333,11.6,3.533333333333333,2.1333333333333333,3.2,6.333333333333333,2.4,2.4
SP1,2015-01-25,Ath Bilbao,Malaga,1753.71,1766.11,1,1,X,0.96,1.26,13,7,19,31,0.0666666666666666,0.8666666666666667,0.6,1.6,0.8613333333333333,0.6326666666666666,0.7686666666666667,0.7006666666666668,1.634,1.262,1.3173333333333332,1.628,0.4666666666666667,0.8,1.0666666666666669,0.9333333333333332,2.0,1.4666666666666666,2.066666666666667,1.3333333333333333,0.3946666666666666,-0.1673333333333334,1.4,1.4,1.0,0.6,1.14,1.32,1.8,1.6,8.0,7.0,2,1,0,-20,-8,-19,-7,2,14,20,2,10.866666666666667,10.933333333333334,3.8666666666666663,4.733333333333333,5.866666666666666,3.333333333333333,2.066666666666667,2.8666666666666667
SP1,2015-01-25,Espanol,Almeria,1688.01,1653.74,3,0,1,2.44,0.3,9,18,23,16,1.6,1.0,2.066666666666667,1.4666666666666666,1.2093333333333334,1.120666666666667,1.3826666666666667,1.103333333333333,1.0746666666666669,1.422666666666667,0.986,1.4833333333333334,1.0666666666666669,1.2666666666666666,1.3333333333333333,1.6666666666666667,1.4,2.0,0.9333333333333332,1.9333333333333331,0.1426666666666667,-0.1459999999999996,1.0,1.6,1.0,1.2,0.4,0.98,1.4,1.4,8.0,8.0,1,2,0,-16,-23,-15,-22,6,-1,20,2,12.666666666666666,10.533333333333331,4.066666666666666,3.533333333333333,5.533333333333333,3.2666666666666666,3.066666666666667,2.7333333333333334
SP1,2015-01-25,Valencia,Sevilla,1834.85,1831.95,3,1,1,2.66,1.98,5,4,38,39,2.466666666666667,2.7333333333333334,2.466666666666667,2.0,1.3686666666666667,1.3826666666666667,1.7446666666666668,0.9886666666666668,1.4766666666666666,0.7226666666666667,1.4059999999999997,1.466,2.0,1.4666666666666666,2.1333333333333333,1.2666666666666666,1.1333333333333333,0.0,1.0666666666666669,1.1333333333333333,-0.6313333333333333,-0.0839999999999998,1.6,1.0,1.8,1.2,1.75,1.17,1.8,1.6,8.0,7.0,1,2,0,-1,0,0,1,21,22,20,2,10.533333333333331,9.4,4.6,4.066666666666666,4.866666666666666,3.8,3.333333333333333,3.2
F1,2015-01-25,Evian Thonon Gaillard,Toulouse,1534.61,1550.63,1,0,1,0.44,1.34,18,16,20,22,0.2666666666666666,0.5333333333333333,1.3333333333333333,0.6,0.692,0.5013333333333333,1.0306666666666666,0.5373333333333332,2.102,1.3293333333333337,1.904,1.7393333333333332,1.0666666666666669,0.5333333333333333,1.4,0.4666666666666667,2.4,1.8666666666666667,1.2666666666666666,2.4,-0.3746666666666667,-0.032,1.0,1.6,0.6,1.4,0.71,0.85,2.0,1.3333333333333333,7.0,8.0,1,2,0,-20,-18,-15,-13,0,2,22,2,6.666666666666667,10.066666666666666,2.0,3.066666666666667,4.6,5.6,1.6,2.0
F1,2015-01-25,Lyon,Metz,1740.36,1510.76,2,0,1,1.5,0.19,1,18,45,20,3.0,0.2666666666666666,3.0,0.3333333333333333,2.1693333333333333,0.98,2.170666666666667,0.7073333333333333,0.8213333333333334,1.7040000000000002,0.6893333333333334,1.4733333333333334,3.066666666666667,0.8666666666666667,2.6666666666666665,0.4666666666666667,0.1333333333333333,1.8,0.3333333333333333,1.8666666666666667,-0.8973333333333335,0.1133333333333332,2.4,0.6,3.2,0.6,2.15,1.51,2.6,2.4,8.0,8.0,2,2,0,5,-20,10,-15,23,-2,22,2,12.8,10.733333333333333,6.6,3.8,2.6,5.4,0.8,1.6
F1,2015-01-25,Rennes,Caen,1580.83,1503.41,1,4,2,0.82,1.21,10,20,30,18,0.6,1.2,0.9333333333333332,0.1333333333333333,0.98,1.326,0.8513333333333333,0.394,1.0573333333333337,1.7833333333333334,1.3206666666666669,2.560666666666666,0.4666666666666667,1.6666666666666667,0.6,0.6,1.4,1.4,1.6,2.6,0.5133333333333333,-0.3406666666666667,2.0,0.8,1.4,0.8,1.17,0.42,1.6,1.4,7.0,8.0,1,1,0,-10,-22,-5,-17,8,-4,22,2,8.0,11.133333333333333,2.933333333333333,3.6666666666666665,3.466666666666667,4.733333333333333,1.2666666666666666,1.2
F1,2015-01-25,St Etienne,Paris SG,1699.17,1828.52,0,1,2,0.35,2.36,4,3,40,41,2.066666666666667,1.4,2.7333333333333334,0.8,0.87,1.884,1.2673333333333332,1.828,0.712,0.6286666666666666,0.948,1.2806666666666666,1.2,2.0,2.066666666666667,1.4,0.2666666666666666,1.9333333333333331,0.1333333333333333,2.1333333333333333,-0.3299999999999999,-0.1159999999999998,1.0,1.6,1.2,2.4,0.38,1.61,0.8,1.0,7.0,7.0,1,1,0,0,1,5,6,18,19,22,2,9.2,11.2,3.1333333333333333,5.2,6.533333333333333,4.933333333333334,1.1333333333333333,1.9333333333333331
I1,2015-01-25,Sampdoria,Palermo,1621.12,1597.51,1,1,X,1.16,0.99,5,10,33,26,2.0,1.2666666666666666,1.8,0.8,1.3146666666666669,1.674,1.236,1.1986666666666668,1.112,1.5653333333333337,0.9293333333333332,1.9393333333333331,1.2666666666666666,2.6666666666666665,1.5333333333333334,2.466666666666667,0.9333333333333332,1.8666666666666667,1.0666666666666669,2.6666666666666665,0.048,-0.9926666666666666,0.2,2.6,0.6,2.2,0.8,0.92,0.8,1.2,7.0,8.0,2,2,0,0,-7,2,-5,14,7,20,2,12.933333333333334,9.933333333333334,4.333333333333333,4.666666666666667,5.0,3.6666666666666665,1.7333333333333334,2.1333333333333333
I1,2015-01-25,Verona,Atalanta,1571.59,1565.56,1,0,1,2.22,0.72,14,15,21,20,1.2,1.6,1.0666666666666669,1.4666666666666666,1.0666666666666669,1.028,1.6633333333333336,0.724,1.0446666666666666,1.3146666666666669,1.389333333333333,1.6,0.9333333333333332,1.4,1.4,0.8666666666666667,1.8,1.2666666666666666,1.5333333333333334,1.1333333333333333,0.1333333333333333,-0.3719999999999999,2.0,0.8,1.4,0.8,0.73,0.88,3.0,2.333333333333333,7.0,7.0,2,2,0,-13,-14,-10,-11,2,1,20,2,8.8,12.8,3.333333333333333,5.2,1.9333333333333331,4.733333333333333,2.466666666666667,4.333333333333333
I1,2015-01-25,Parma,Cesena,1561.95,1433.46,1,2,2,1.0,0.76,19,20,10,9,0.6666666666666666,0.1333333333333333,1.0,0.2666666666666666,0.666,1.606666666666667,0.8580000000000001,1.0646666666666669,2.482,1.7406666666666666,2.0466666666666664,2.183333333333333,0.4666666666666667,1.3333333333333333,0.4,1.1333333333333333,1.7333333333333334,2.7333333333333334,1.0666666666666669,1.9333333333333331,0.1993333333333333,0.2733333333333334,1.2,1.2,1.4,1.2,0.44,1.09,2.0,2.0,7.0,7.0,2,2,0,-23,-24,-21,-22,-9,-10,20,2,7.066666666666666,11.733333333333333,1.2666666666666666,3.533333333333333,3.2,4.666666666666667,2.6666666666666665,3.2
I1,2015-01-25,Juventus,Chievo,1893.47,1545.95,2,0,1,2.34,0.63,1,18,46,18,2.466666666666667,0.8666666666666667,2.066666666666667,1.8666666666666667,1.3253333333333333,1.096666666666667,1.6333333333333333,0.95,0.654,1.1646666666666663,0.5226666666666667,0.8339999999999999,2.8,0.7333333333333333,2.533333333333333,1.1333333333333333,0.6666666666666666,1.0666666666666669,0.6,0.5333333333333333,-1.4746666666666666,0.3633333333333336,3.0,0.0,2.0,0.6,2.37,0.5,2.2,1.8,7.0,7.0,2,2,0,13,-15,15,-13,27,-1,20,2,13.333333333333334,14.4,6.466666666666667,5.333333333333333,6.2,6.0,1.0666666666666669,1.6666666666666667
I1,2015-01-25,Inter,Torino,1669.32,1613.92,0,1,2,0.47,1.07,8,13,26,22,1.6666666666666667,1.9333333333333331,1.6,1.4666666666666666,1.4126666666666667,1.596666666666667,1.7986666666666669,0.842,1.1053333333333333,1.476,1.236,1.612,1.4,1.5333333333333334,2.066666666666667,1.1333333333333333,0.7333333333333333,1.0666666666666669,1.5333333333333334,1.1333333333333333,0.0126666666666668,0.0633333333333332,1.8,0.6,1.6,1.0,1.31,1.1,2.2,2.2,8.0,7.0,2,1,0,-7,-11,-5,-9,7,3,20,2,12.866666666666667,13.2,3.933333333333333,4.0,4.933333333333334,3.2666666666666666,2.333333333333333,2.933333333333333
I1,2015-01-25,Fiorentina,Roma,1699.79,1775.73,1,1,X,1.12,1.25,6,2,30,41,2.1333333333333333,1.5333333333333334,1.6666666666666667,2.1333333333333333,2.32,1.026,1.7133333333333334,1.3306666666666669,1.3300000000000003,0.9533333333333334,1.294,0.9166666666666666,2.1333333333333333,1.1333333333333333,1.8,1.0666666666666669,1.5333333333333334,0.8666666666666667,1.4,0.6,0.1866666666666665,-0.1073333333333332,0.0,3.0,0.6,2.0,0.38,2.24,0.8,1.0,7.0,8.0,2,2,0,-3,8,0,11,11,22,20,2,19.666666666666668,12.933333333333334,6.733333333333333,4.533333333333333,7.4,4.333333333333333,2.466666666666667,3.8
SP1,2015-01-26,Getafe,Celta,1671.17,1721.4,2,1,1,2.05,0.47,16,12,17,21,0.2,0.2666666666666666,0.2666666666666666,0.0,0.486,1.128,0.4806666666666667,0.67,1.878,0.8746666666666667,1.9966666666666664,1.22,0.6,0.2666666666666666,0.4,0.0,2.066666666666667,1.0,1.8,1.2666666666666666,-0.1139999999999999,0.8613333333333333,1.4,1.4,1.6,1.4,0.67,1.92,2.333333333333333,2.0,8.0,9.0,1,1,0,-24,-20,-21,-17,0,4,20,2,8.133333333333333,11.4,2.2666666666666666,3.2,5.266666666666667,7.733333333333333,1.9333333333333331,4.066666666666666
I1,2015-01-26,Empoli,Udinese,1526.29,1599.65,1,2,2,1.78,0.71,16,13,19,24,0.7333333333333333,0.7333333333333333,1.1333333333333333,1.2666666666666666,0.8586666666666666,0.9193333333333332,1.036,1.0646666666666669,1.0233333333333334,1.0913333333333337,0.776,1.5313333333333332,0.1333333333333333,1.2666666666666666,0.1333333333333333,1.3333333333333333,0.4,1.5333333333333334,0.0666666666666666,1.4,0.7253333333333333,-0.3473333333333334,1.0,1.6,0.8,1.2,0.69,1.69,0.75,0.75,9.0,8.0,1,1,0,-15,-10,-12,-7,0,5,20,2,14.0,9.133333333333333,3.933333333333333,3.1333333333333333,7.133333333333334,4.466666666666667,1.7333333333333334,1.8666666666666667
I1,2015-01-26,Napoli,Genoa,1743.66,1605.08,2,1,1,2.94,0.57,5,7,33,28,2.0,0.5333333333333333,1.3333333333333333,0.9333333333333332,1.401333333333333,2.106666666666667,1.7046666666666668,1.4173333333333331,0.7739999999999999,2.244,1.108,1.9266666666666663,1.6666666666666667,1.8,1.8,1.6,1.1333333333333333,2.533333333333333,1.8,1.8,-0.2653333333333334,0.3066666666666668,2.6,0.2,2.2,0.8,1.79,0.52,2.2,2.0,8.0,8.0,1,1,0,-1,-6,2,-3,14,9,20,2,12.2,13.266666666666667,4.8,5.933333333333334,5.0,5.933333333333334,2.7333333333333334,2.4
D1,2015-01-30,Wolfsburg,Bayern Munich,1809.24,2060.95,4,1,1,2.18,1.92,2,1,34,45,2.066666666666667,3.0,2.466666666666667,2.8666666666666667,1.552,1.7713333333333334,1.904,1.7406666666666666,0.9446666666666668,0.304,0.6953333333333334,0.3653333333333333,1.8666666666666667,2.2,1.6,2.466666666666667,1.2,0.3333333333333333,0.6,0.3333333333333333,-0.3146666666666666,-0.4286666666666667,0.0,3.0,0.4,2.8,1.2,2.57,0.2,0.6,14.0,14.0,0,0,0,7,18,7,18,19,30,18,1,15.066666666666666,19.666666666666668,5.4,7.666666666666667,6.666666666666667,8.666666666666666,0.9333333333333332,0.2666666666666666
SP1,2015-01-30,Vallecano,La Coruna,1669.15,1639.83,1,2,2,1.32,2.39,10,16,23,18,1.2,0.9333333333333332,0.4,0.5333333333333333,1.218,1.1166666666666667,1.4439999999999995,0.5906666666666668,0.9826666666666666,1.1573333333333335,1.3686666666666667,1.395333333333333,0.9333333333333332,0.8,0.5333333333333333,0.0,1.5333333333333334,1.9333333333333331,1.5333333333333334,1.2,0.2846666666666666,0.3166666666666666,1.0,1.6,1.0,1.4,2.24,1.9,1.75,1.5,6.0,5.0,2,2,0,-18,-23,-15,-20,6,1,21,2,13.933333333333334,10.533333333333331,4.133333333333334,4.733333333333333,4.733333333333333,4.266666666666667,2.466666666666667,2.8
F1,2015-01-30,Paris SG,Rennes,1828.52,1580.83,1,0,1,1.85,0.46,3,10,44,30,1.9333333333333331,0.4666666666666667,2.466666666666667,1.4,2.114,0.9293333333333332,2.083333333333333,1.094,0.564,0.9453333333333334,0.2739999999999999,1.0293333333333332,1.8,0.6666666666666666,2.0,0.9333333333333332,1.4,2.066666666666667,0.8666666666666667,1.1333333333333333,0.3139999999999998,0.2626666666666667,1.4,1.4,1.6,1.2,1.49,0.29,1.0,1.2,5.0,5.0,2,2,0,4,-10,9,-5,22,8,23,2,10.933333333333334,9.733333333333333,4.666666666666667,3.6666666666666665,4.266666666666667,3.533333333333333,2.333333333333333,0.7333333333333333
D1,2015-01-31,Freiburg,Ein Frankfurt,1645.76,1685.08,4,1,1,3.19,1.12,18,9,15,23,0.6666666666666666,1.2,1.0,0.9333333333333332,0.9526666666666668,2.362,1.4026666666666665,1.5666666666666669,1.8133333333333332,1.7426666666666668,1.4853333333333334,1.602666666666667,0.8666666666666667,2.6,1.2,1.5333333333333334,1.6,2.2666666666666666,1.6,1.6666666666666667,0.0859999999999999,-0.238,1.0,1.6,1.2,1.0,1.38,1.75,1.2,1.2,14.0,14.0,0,0,0,-12,-4,-12,-4,0,8,18,1,7.8,14.733333333333333,3.466666666666667,6.866666666666666,3.8,4.133333333333334,2.4,2.2666666666666666
D1,2015-01-31,Stuttgart,MGladbach,1623.39,1770.73,0,1,2,1.61,1.27,15,5,17,27,1.5333333333333334,1.4,0.4,0.4666666666666667,1.044,1.7953333333333332,0.7233333333333333,1.27,1.024,1.14,1.66,1.502,0.7333333333333333,2.0,0.2,0.8,0.8,1.4666666666666666,2.0,1.2666666666666666,0.3106666666666667,-0.2046666666666667,1.6,1.0,1.2,1.0,0.43,2.41,1.8,2.2,14.0,14.0,0,0,0,-12,-2,-10,0,0,10,18,1,12.466666666666669,10.866666666666667,4.0,6.0,5.0,4.933333333333334,1.6,1.5333333333333334
D1,2015-01-31,Hamburg,FC Koln,1612.71,1629.36,0,2,2,0.6,1.16,15,11,17,19,0.9333333333333332,0.8666666666666667,1.8666666666666667,1.4,1.0233333333333334,0.7273333333333334,1.51,0.8366666666666667,1.486666666666667,0.8853333333333334,1.1166666666666667,1.1693333333333331,0.3333333333333333,0.9333333333333332,1.1333333333333333,1.6666666666666667,0.6,1.4666666666666666,0.6666666666666666,2.333333333333333,0.6900000000000002,-0.2059999999999999,1.4,1.4,2.4,1.8,0.91,0.52,1.8,3.0,14.0,14.0,0,0,0,-10,-8,-10,-8,0,2,18,1,12.133333333333333,9.4,4.0,3.2,4.4,4.8,1.7333333333333334,0.8666666666666667
D1,2015-01-31,Schalke 04,Hannover,1770.29,1681.85,1,0,1,2.0,0.92,5,8,27,24,1.7333333333333334,1.3333333333333333,1.5333333333333334,1.2,1.3893333333333333,1.5166666666666666,1.408,1.4713333333333334,1.288,1.3653333333333333,1.3806666666666667,1.4793333333333334,1.5333333333333334,2.1333333333333333,1.5333333333333334,2.4,0.7333333333333333,1.9333333333333331,1.0,2.2666666666666666,-0.1440000000000001,-0.6166666666666667,1.4,1.4,2.2,2.0,0.96,1.18,2.4,2.6,14.0,14.0,0,0,0,0,-3,0,-3,10,7,18,1,15.6,13.733333333333333,6.8,6.0,5.2,7.466666666666667,1.4666666666666666,2.1333333333333333
D1,2015-01-31,Leverkusen,Dortmund,1800.93,1800.74,0,0,X,0.34,0.45,3,18,28,15,1.5333333333333334,0.6666666666666666,1.5333333333333334,0.1333333333333333,1.2806666666666666,0.9766666666666668,1.364,0.8966666666666666,1.026,1.4873333333333334,1.0346666666666666,1.6980000000000002,1.1333333333333333,1.0,1.6666666666666667,0.6666666666666666,0.7333333333333333,1.5333333333333334,0.8,1.7333333333333334,0.1473333333333333,-0.0233333333333333,1.4,1.4,1.4,1.6,1.15,0.48,0.6,1.2,14.0,14.0,0,0,0,1,-12,1,-12,11,-2,18,1,16.6,16.466666666666665,5.2,5.466666666666667,5.866666666666666,6.466666666666667,3.066666666666667,0.7333333333333333
SP1,2015-01-31,Real Madrid,Sociedad,2075.21,1744.58,4,1,1,4.01,1.06,1,12,48,22,2.6,1.6666666666666667,3.0,0.8,2.0893333333333333,0.7606666666666667,2.298666666666666,0.64,0.948,1.09,0.6606666666666665,1.7573333333333332,2.466666666666667,0.7333333333333333,3.533333333333333,0.6666666666666666,0.6666666666666666,0.5333333333333333,0.3333333333333333,1.4666666666666666,-0.3773333333333335,0.0273333333333334,2.0,0.8,3.6,2.2,2.32,2.74,2.6,3.8,7.0,7.0,2,2,0,7,-19,10,-16,30,4,20,2,17.866666666666667,12.0,6.333333333333333,3.1333333333333333,8.533333333333333,7.0,2.933333333333333,2.066666666666667
SP1,2015-01-31,Granada,Elche,1635.74,1638.88,1,0,1,1.51,0.21,20,17,15,17,0.6,1.5333333333333334,0.9333333333333332,1.1333333333333333,0.8193333333333332,1.1013333333333333,1.7646666666666666,0.938,1.496,2.18,0.9553333333333334,1.0713333333333332,0.9333333333333332,1.0,0.8,0.7333333333333333,1.7333333333333334,2.6,1.0666666666666669,1.4,-0.1140000000000001,0.1013333333333332,2.333333333333333,0.3333333333333333,1.0,0.3333333333333333,0.76,1.36,3.0,1.0,6.0,7.0,2,2,0,-26,-24,-23,-21,-2,0,21,2,9.466666666666669,10.6,1.8666666666666667,4.866666666666666,5.2,3.0,2.466666666666667,4.666666666666667
F1,2015-01-31,Marseille,Evian Thonon Gaillard,1700.25,1534.61,1,0,1,2.37,0.09,3,16,44,23,1.2,1.2,3.0,0.2,1.148,0.6086666666666666,1.3993333333333335,0.5826666666666667,1.2186666666666668,1.9366666666666668,0.9893333333333332,1.8820000000000003,1.3333333333333333,1.0666666666666669,2.2666666666666666,1.0666666666666669,1.5333333333333334,1.6,0.8666666666666667,2.6666666666666665,-0.1853333333333333,-0.4580000000000001,2.6,0.2,1.8,0.6,1.12,0.91,3.0,1.6666666666666667,8.0,6.0,2,2,0,4,-17,8,-13,22,1,23,2,15.066666666666666,6.666666666666667,4.0,2.2,5.266666666666667,4.866666666666666,2.6666666666666665,1.0
F1,2015-01-31,Lens,Bastia,1505.97,1553.65,1,1,X,2.09,0.85,19,14,20,23,0.8,1.5333333333333334,1.4,0.6,1.4926666666666668,1.1866666666666663,1.2213333333333334,1.0233333333333334,1.308,0.7346666666666667,0.9153333333333332,0.5706666666666667,0.4666666666666667,1.3333333333333333,1.0666666666666669,0.7333333333333333,1.1333333333333333,0.8,1.0,1.1333333333333333,1.0260000000000002,-0.1466666666666667,1.0,1.6,1.0,1.6,0.3,0.69,2.5,3.25,6.0,7.0,2,2,0,-20,-17,-15,-12,-2,1,23,2,14.266666666666667,7.933333333333334,4.933333333333334,3.2,6.333333333333333,3.1333333333333333,1.4666666666666666,2.1333333333333333
F1,2015-01-31,Lorient,Montpellier,1550.38,1609.27,0,0,X,0.75,0.14,15,6,23,35,1.0,2.6,1.9333333333333331,2.0,1.602666666666667,1.348666666666667,1.9933333333333327,1.8593333333333333,1.6493333333333335,0.7826666666666668,0.8719999999999999,1.334666666666667,1.4666666666666666,2.7333333333333334,1.4,1.9333333333333331,1.9333333333333331,0.9333333333333332,0.8666666666666667,0.9333333333333332,0.1360000000000001,-1.3846666666666667,1.4,1.4,1.6,1.6,0.38,1.49,1.8,2.0,7.0,7.0,2,2,0,-17,-5,-12,0,1,13,23,2,14.733333333333333,10.066666666666666,5.333333333333333,4.466666666666667,3.6,3.8666666666666663,0.9333333333333332,0.9333333333333332
F1,2015-01-31,Toulouse,Reims,1550.63,1565.03,1,0,1,1.07,0.27,17,11,22,29,0.4,0.9333333333333332,0.8,1.0,0.7873333333333333,1.204,0.9186666666666666,1.0693333333333337,0.972,2.0206666666666666,1.3033333333333332,1.7913333333333334,0.4,1.0666666666666669,1.0666666666666669,1.4,1.5333333333333334,1.7333333333333334,1.4,2.066666666666667,0.3873333333333333,0.1373333333333333,1.6,1.0,1.4,1.4,1.54,0.3,2.0,2.0,6.0,6.0,2,2,0,-18,-11,-14,-7,0,7,23,2,9.933333333333334,14.733333333333333,3.533333333333333,3.933333333333333,5.2,6.133333333333334,2.333333333333333,2.8666666666666667
F1,2015-01-31,Metz,Nice,1510.76,1554.0,0,0,X,0.76,0.12,20,8,20,31,0.2,2.466666666666667,0.4,1.6,0.7513333333333333,1.5433333333333332,1.4173333333333331,1.092666666666667,1.6373333333333333,1.1033333333333333,1.6333333333333333,1.4633333333333334,0.6,1.8,1.1333333333333333,1.2666666666666666,1.8,1.0666666666666669,1.8,1.4666666666666666,0.1513333333333333,-0.2566666666666668,0.6,2.4,0.8,1.6,0.51,0.79,1.75,1.0,6.0,8.0,2,1,0,-20,-9,-16,-5,-2,9,23,2,8.466666666666667,10.733333333333333,3.1333333333333333,3.6666666666666665,4.2,5.533333333333333,2.066666666666667,3.2666666666666666
F1,2015-01-31,Nantes,Lille,1591.03,1643.42,1,1,X,1.38,0.63,9,13,31,27,0.8,1.0,1.3333333333333333,0.2,0.804,0.7766666666666666,0.7726666666666666,0.6473333333333333,1.682,0.942,0.96,1.4280000000000002,0.4,0.4,0.8,0.4666666666666667,1.8,0.7333333333333333,0.7333333333333333,1.3333333333333333,0.404,0.3766666666666666,0.2,2.6,0.0,1.4,0.99,1.46,0.4,0.6,7.0,7.0,2,2,0,-9,-13,-5,-9,9,5,23,2,12.6,12.066666666666666,3.733333333333333,2.7333333333333334,3.533333333333333,5.4,1.2,1.2
E0,2015-01-31,Hull,Newcastle,1585.93,1661.07,0,3,2,0.99,0.51,18,11,19,27,0.8,0.6,1.1333333333333333,0.1333333333333333,0.9253333333333332,0.9373333333333332,1.4193333333333331,0.7426666666666667,1.411333333333333,1.03,0.9433333333333332,1.498,0.6,1.4,0.7333333333333333,0.6,1.4666666666666666,2.2666666666666666,0.6,2.466666666666667,0.3253333333333332,-0.4626666666666666,1.6,1.0,1.8,2.0,0.85,1.92,0.5,1.0,13.0,14.0,1,1,0,-21,-13,-18,-10,-1,7,23,2,12.266666666666667,12.533333333333331,3.533333333333333,4.2,4.866666666666666,6.466666666666667,1.6666666666666667,1.6
E0,2015-01-31,Liverpool,West Ham,1802.0,1701.86,2,0,1,2.28,0.38,8,7,35,36,2.6,1.4666666666666666,1.6666666666666667,0.9333333333333332,2.076,1.498,2.1373333333333333,0.78,0.7420000000000001,1.4633333333333334,0.8746666666666667,2.046666666666667,1.9333333333333331,1.6,2.2,0.8666666666666667,0.5333333333333333,0.8666666666666667,1.3333333333333333,1.3333333333333333,0.1426666666666667,-0.102,2.0,0.8,2.0,1.4,0.38,1.26,2.2,2.0,14.0,13.0,1,1,0,-5,-4,-2,-1,15,16,23,2,16.666666666666668,12.466666666666669,5.6,4.466666666666667,5.0,4.0,2.0,1.4
E0,2015-01-31,Man United,Leicester,1837.43,1607.09,3,1,1,1.74,0.38,4,20,40,17,1.5333333333333334,1.4,2.0,1.1333333333333333,1.4486666666666668,1.098666666666667,1.6253333333333333,0.818,1.0886666666666664,1.2006666666666663,1.2226666666666666,2.008,1.0666666666666669,0.8666666666666667,1.8666666666666667,1.2,0.5333333333333333,0.8666666666666667,0.7333333333333333,1.5333333333333334,0.3820000000000001,0.2319999999999999,2.4,0.6,2.4,1.2,1.71,2.54,3.0,2.0,14.0,14.0,1,1,0,0,-23,2,-21,20,-3,23,2,9.666666666666666,10.466666666666669,3.6666666666666665,3.066666666666667,4.266666666666667,5.466666666666667,1.8,1.6
E0,2015-01-31,Stoke,QPR,1688.8,1572.84,3,1,1,0.78,1.12,11,19,29,19,1.8,0.3333333333333333,1.5333333333333334,0.0,0.8886666666666666,1.5313333333333332,1.348,1.218,1.1666666666666667,1.6306666666666667,1.3173333333333332,1.7546666666666666,0.8666666666666667,0.5333333333333333,1.3333333333333333,0.8,1.0,1.5333333333333334,1.1333333333333333,2.1333333333333333,0.0219999999999999,0.998,1.4,1.4,1.4,1.2,1.46,1.06,1.5,1.5,14.0,14.0,1,1,0,-13,-23,-9,-19,9,-1,23,2,10.933333333333334,17.866666666666667,2.466666666666667,4.933333333333334,5.0,4.733333333333333,1.0,2.8666666666666667
E0,2015-01-31,Sunderland,Burnley,1639.28,1602.21,2,0,1,1.9,1.35,16,17,20,20,0.1333333333333333,1.1333333333333333,0.2666666666666666,0.8,0.8666666666666667,1.4446666666666668,0.8373333333333335,1.1946666666666663,1.7560000000000002,1.1366666666666665,1.3126666666666664,1.4893333333333334,0.8,2.066666666666667,0.6,1.8666666666666667,1.7333333333333334,2.2,1.8666666666666667,2.2666666666666666,0.0666666666666666,-0.6220000000000001,1.3333333333333333,1.3333333333333333,1.0,1.3333333333333333,0.64,0.71,3.0,2.0,14.0,14.0,1,1,0,-22,-22,-18,-18,0,0,23,2,7.6,12.8,3.0,4.4,5.6,6.266666666666667,2.6,1.8
E0,2015-01-31,West Brom,Tottenham,1617.94,1772.43,0,3,2,0.81,1.34,15,7,22,37,1.3333333333333333,1.9333333333333331,1.6,1.6,0.856,1.1286666666666667,1.4613333333333334,0.998,1.138,2.168,0.9833333333333332,1.9733333333333332,0.5333333333333333,2.066666666666667,0.9333333333333332,1.4,0.6666666666666666,1.5333333333333334,1.1333333333333333,1.6,0.3226666666666666,-0.9380000000000002,1.2,1.2,1.2,1.2,1.08,0.44,1.0,1.4,12.0,14.0,1,1,0,-20,-5,-16,-1,2,17,23,2,10.066666666666666,14.666666666666666,2.333333333333333,6.333333333333333,2.933333333333333,5.066666666666666,1.2,2.1333333333333333
E0,2015-01-31,Crystal Palace,Everton,1620.67,1746.28,0,1,2,1.21,1.36,13,12,23,23,2.1333333333333333,0.6,1.4,0.0,1.1246666666666665,1.152,1.3593333333333333,0.8393333333333334,1.0246666666666668,1.1826666666666663,0.9220000000000002,1.9266666666666667,1.6,0.5333333333333333,1.3333333333333333,0.6,1.1333333333333333,1.1333333333333333,1.5333333333333334,2.333333333333333,-0.4753333333333336,0.6186666666666668,1.4,1.4,1.4,2.2,1.63,2.56,0.5,0.5,14.0,12.0,1,1,0,-17,-17,-14,-14,3,3,23,2,12.533333333333331,12.666666666666666,3.8666666666666663,3.6,4.866666666666666,6.333333333333333,2.7333333333333334,2.466666666666667
E0,2015-01-31,Chelsea,Man City,1936.41,1943.1,1,1,X,0.71,0.91,1,2,52,47,2.1333333333333333,1.2,3.0,2.333333333333333,2.268,1.6406666666666667,2.0766666666666667,1.57,0.6393333333333334,1.25,0.3853333333333333,1.2006666666666668,3.066666666666667,1.3333333333333333,2.1333333333333333,2.066666666666667,1.1333333333333333,1.6666666666666667,0.0,0.7333333333333333,-0.7986666666666671,0.3073333333333334,1.6,1.0,0.8,0.8,1.02,1.06,2.0,1.6,14.0,13.0,1,1,0,12,7,15,10,32,27,23,2,16.0,18.066666666666663,7.133333333333334,5.4,4.466666666666667,11.466666666666669,1.0,2.533333333333333
I1,2015-01-31,Genoa,Fiorentina,1605.08,1699.79,1,1,X,2.29,0.77,7,6,28,31,0.4,1.8,1.0666666666666669,2.2,1.7446666666666668,1.942,2.027333333333333,2.372666666666667,2.458,1.3726666666666667,2.222,1.1886666666666663,1.6666666666666667,1.7333333333333334,1.7333333333333334,2.1333333333333333,2.466666666666667,1.4,1.8,0.8666666666666667,0.078,0.2086666666666667,0.4,2.2,1.4,2.4,0.23,2.1,1.0,1.4,5.0,6.0,2,2,0,-6,-3,-3,0,9,12,21,2,13.133333333333333,19.466666666666665,5.933333333333334,5.533333333333333,6.266666666666667,7.066666666666666,2.8,2.333333333333333
I1,2015-01-31,Roma,Empoli,1775.73,1526.29,1,1,X,0.71,1.07,2,16,42,19,1.2666666666666666,0.4666666666666667,1.4,0.8666666666666667,0.976,1.1313333333333333,1.2446666666666666,1.0793333333333333,1.0686666666666669,0.9266666666666664,0.8200000000000001,1.3733333333333333,1.1333333333333333,0.4,1.8,1.0,1.0,0.9333333333333332,1.3333333333333333,1.2,-0.1573333333333332,0.7313333333333333,2.0,0.8,1.2,0.8,1.37,0.59,3.0,2.0,6.0,5.0,2,2,0,8,-15,10,-13,23,0,21,2,13.2,15.0,4.866666666666666,4.0,3.933333333333333,6.733333333333333,3.2,1.7333333333333334
D1,2015-02-01,Werder Bremen,Hertha,1633.35,1627.6,2,0,1,0.84,0.1,16,14,17,18,1.4,0.8666666666666667,2.2666666666666666,0.9333333333333332,1.7333333333333334,1.142,2.3,1.336666666666667,1.6266666666666665,2.482,0.916,1.9433333333333327,2.066666666666667,1.5333333333333334,2.533333333333333,2.4,2.6666666666666665,3.2,1.2,2.8666666666666667,-0.3333333333333335,-0.3913333333333335,1.4,1.4,1.6,1.4,1.19,1.76,3.0,2.8,14.0,14.0,0,0,0,-13,-12,-12,-11,0,1,18,1,13.133333333333333,7.533333333333333,4.866666666666666,2.7333333333333334,3.8,2.6666666666666665,1.5333333333333334,2.4
D1,2015-02-01,Augsburg,Hoffenheim,1718.29,1717.84,3,1,1,2.39,0.61,6,7,27,26,1.6,1.8,2.2,1.0666666666666669,1.1613333333333336,2.1533333333333333,1.5593333333333337,1.73,1.7613333333333334,1.6353333333333335,1.7326666666666668,1.5253333333333332,1.1333333333333333,2.533333333333333,1.8,1.8666666666666667,1.8666666666666667,1.0,1.6,1.5333333333333334,0.0280000000000002,-0.3799999999999999,1.4,1.4,0.8,1.0,0.28,1.53,2.0,1.3333333333333333,14.0,14.0,0,0,0,-3,-4,0,-1,10,9,18,1,12.6,13.266666666666667,5.0,6.733333333333333,4.333333333333333,4.8,2.0,1.8
SP1,2015-02-01,Levante,Ath Bilbao,1676.94,1744.94,0,2,2,1.06,1.65,20,14,16,20,0.2666666666666666,0.3333333333333333,1.4,0.6666666666666666,0.918,0.904,1.0453333333333332,0.7899999999999999,1.456,1.5093333333333334,0.73,1.4653333333333332,0.2,0.6,0.8666666666666667,0.4666666666666667,1.0666666666666669,1.6666666666666667,0.6666666666666666,1.2666666666666666,0.718,0.3039999999999999,1.2,1.8,1.2,1.6,0.33,2.26,1.2,1.8,8.0,7.0,2,1,0,-25,-21,-22,-18,-2,2,21,2,9.933333333333334,11.066666666666666,1.5333333333333334,4.266666666666667,4.133333333333334,6.733333333333333,3.466666666666667,1.2666666666666666
SP1,2015-02-01,Almeria,Getafe,1642.22,1675.7,1,0,1,1.93,0.82,19,15,16,20,0.6,1.0666666666666669,0.0,0.6666666666666666,0.8193333333333332,1.012,1.0066666666666668,0.5660000000000001,1.7973333333333334,1.418,1.3873333333333335,1.0546666666666666,0.8666666666666667,1.0666666666666669,0.4,1.0666666666666669,2.333333333333333,1.8666666666666667,2.2666666666666666,1.4666666666666666,-0.0473333333333334,-0.0546666666666666,0.8,2.0,1.0,1.6,1.31,1.32,1.8,1.2,7.0,6.0,1,2,0,-25,-21,-22,-18,-2,2,21,2,10.0,9.733333333333333,2.7333333333333334,3.4,4.666666666666667,5.6,2.0,1.9333333333333331
SP1,2015-02-01,Sevilla,Espanol,1829.99,1703.96,3,2,1,3.33,0.9,5,9,39,26,1.8666666666666667,2.0,2.466666666666667,0.8,1.5933333333333333,1.5406666666666666,1.7453333333333334,1.0046666666666666,1.344,0.8033333333333332,0.6333333333333333,1.636,1.4,1.6,1.6666666666666667,1.2,1.0,0.9333333333333332,0.2,2.8,0.1933333333333333,-0.0593333333333334,2.6,0.2,2.8,1.0,1.36,0.95,1.6,1.6,7.0,7.0,2,1,0,-2,-15,1,-12,21,8,20,2,9.2,14.666666666666666,4.666666666666667,5.666666666666667,4.733333333333333,6.933333333333334,3.6,2.7333333333333334
SP1,2015-02-01,Barcelona,Villarreal,2021.54,1820.94,3,2,1,3.12,0.96,2,6,47,38,2.6,2.333333333333333,2.8,1.6666666666666667,2.8086666666666664,1.7786666666666666,2.951333333333333,1.382,0.5526666666666668,0.8640000000000001,0.5359999999999999,0.91,4.0,1.5333333333333334,4.0,1.4,0.3333333333333333,0.4666666666666667,0.7333333333333333,0.9333333333333332,-1.1913333333333336,0.2453333333333331,2.6,0.2,2.2,0.6,3.13,1.11,2.2,2.8,8.0,8.0,2,1,0,6,-3,9,0,29,20,21,2,14.466666666666669,15.266666666666667,6.8,5.0,3.8666666666666663,6.533333333333333,2.4,1.7333333333333334
F1,2015-02-01,Caen,St Etienne,1536.6,1691.21,1,0,1,2.22,1.0,18,4,21,40,1.9333333333333331,1.3333333333333333,1.4,1.8,1.342,0.7033333333333334,1.838,0.852,1.36,1.25,1.4526666666666666,0.6926666666666667,2.533333333333333,0.8,2.2,0.8,1.1333333333333333,0.5333333333333333,1.4666666666666666,0.2666666666666666,-1.1913333333333334,-0.0966666666666666,0.8,2.0,0.6,1.6,0.54,1.41,1.8,1.4,7.0,7.0,1,2,0,-19,0,-15,4,-2,17,23,2,11.0,9.133333333333333,4.2,2.466666666666667,4.2,7.133333333333334,0.7333333333333333,1.4
F1,2015-02-01,Bordeaux,Guingamp,1610.67,1559.53,1,1,X,0.77,0.72,7,13,33,28,0.5333333333333333,1.9333333333333331,1.2,0.8666666666666667,1.02,1.7873333333333334,1.5506666666666666,1.0766666666666669,1.3333333333333333,1.2633333333333332,1.5613333333333332,1.0153333333333334,0.3333333333333333,1.8666666666666667,1.2,1.2666666666666666,1.3333333333333333,1.3333333333333333,2.466666666666667,1.8,0.6866666666666668,-0.0793333333333332,2.4,0.6,2.6,1.0,0.29,1.69,2.4,2.6,8.0,8.0,1,2,0,-7,-12,-3,-8,10,5,23,2,10.466666666666669,11.2,4.0,4.2,3.0,5.266666666666667,1.7333333333333334,1.4666666666666666
F1,2015-02-01,Monaco,Lyon,1736.95,1748.92,0,0,X,0.84,0.55,5,1,39,48,2.6,3.0,2.333333333333333,2.466666666666667,1.2973333333333334,1.8113333333333332,1.5433333333333334,2.0893333333333333,0.9173333333333334,0.614,1.1013333333333335,1.1606666666666667,0.8,2.6666666666666665,0.9333333333333332,2.6,0.0,0.0,0.1333333333333333,0.8,0.4973333333333334,-0.8553333333333331,1.4,1.4,1.2,1.4,0.92,1.79,0.8,0.6,8.0,7.0,1,1,0,-1,8,3,12,15,24,23,2,10.866666666666667,14.666666666666666,3.1333333333333333,6.066666666666666,5.666666666666667,3.4,1.4666666666666666,1.0666666666666669
E0,2015-02-01,Arsenal,Aston Villa,1866.28,1603.07,5,0,1,2.36,0.71,6,16,39,22,2.4,0.3333333333333333,2.8,0.4666666666666667,1.8626666666666667,0.9053333333333332,2.2546666666666666,0.734,1.0046666666666668,1.4146666666666663,0.808,1.498666666666667,1.8666666666666667,0.0,2.533333333333333,0.2,0.6,1.0,0.6,0.8666666666666667,-0.004,0.9053333333333332,2.0,0.8,1.6,1.0,1.36,0.65,1.8,2.0,14.0,14.0,1,0,0,-3,-20,0,-17,19,2,23,2,12.733333333333333,13.6,5.066666666666666,2.8,6.266666666666667,6.133333333333334,1.7333333333333334,1.6
E0,2015-02-01,Southampton,Swansea,1784.51,1671.45,0,1,2,1.63,0.26,4,10,42,30,2.7333333333333334,0.6666666666666666,1.8666666666666667,0.9333333333333332,1.092,0.9966666666666666,1.6840000000000002,1.3206666666666669,0.8686666666666667,2.4253333333333336,0.7906666666666666,2.527333333333333,1.6666666666666667,0.6666666666666666,1.6666666666666667,1.0,0.5333333333333333,2.6666666666666665,0.7333333333333333,1.9333333333333331,-0.5746666666666669,0.3299999999999999,2.2,0.4,1.0,0.2,0.75,0.52,2.0,1.5,14.0,14.0,0,0,0,0,-12,2,-10,22,10,23,2,8.733333333333333,15.666666666666666,3.0,2.6666666666666665,2.533333333333333,3.8666666666666663,2.2666666666666666,0.2666666666666666
I1,2015-02-01,Sassuolo,Inter,1568.01,1656.09,3,1,1,1.33,1.3,12,11,25,26,0.9333333333333332,1.0666666666666669,1.5333333333333334,1.2666666666666666,1.386,1.1126666666666665,1.4913333333333332,1.0160000000000002,1.724,1.120666666666667,0.8033333333333332,1.1726666666666667,1.6666666666666667,0.8666666666666667,1.2,1.0,1.8666666666666667,0.8,0.8666666666666667,0.8666666666666667,-0.2806666666666666,0.2459999999999997,0.0,3.0,0.0,5.0,0.48,3.97,0.0,0.0,8.0,7.0,2,1,0,-9,-8,-7,-6,6,7,21,2,14.133333333333333,12.8,4.666666666666667,3.0,6.266666666666667,5.466666666666667,3.333333333333333,2.2666666666666666
I1,2015-02-01,Udinese,Juventus,1603.95,1897.77,0,0,X,0.49,0.9,12,1,27,49,1.5333333333333334,2.7333333333333334,0.4666666666666667,2.6,0.8366666666666667,1.645333333333333,0.8200000000000001,0.9813333333333334,1.334,0.6486666666666667,1.0773333333333333,0.7433333333333333,1.5333333333333334,2.6666666666666665,1.1333333333333333,2.333333333333333,1.3333333333333333,0.4,1.7333333333333334,0.6,-0.6966666666666668,-1.0213333333333332,0.0,3.0,0.2,2.6,0.2,1.11,0.8,0.8,6.0,7.0,2,2,0,-7,15,-5,17,8,30,21,2,9.333333333333334,18.4,2.933333333333333,6.933333333333334,4.466666666666667,6.933333333333334,2.1333333333333333,1.3333333333333333
I1,2015-02-01,Cesena,Lazio,1440.81,1683.38,2,1,1,0.97,0.28,19,4,12,34,1.0666666666666669,1.6666666666666667,0.0666666666666666,1.3333333333333333,1.456,1.732,1.2573333333333332,1.018,1.4746666666666668,0.5013333333333334,1.8493333333333333,0.8406666666666668,1.6,1.9333333333333331,1.2,1.6666666666666667,2.1333333333333333,1.1333333333333333,3.333333333333333,1.5333333333333334,-0.1440000000000001,-0.2013333333333333,0.6,2.4,0.8,1.8,0.15,1.55,1.5,1.0,7.0,8.0,2,2,0,-22,0,-20,2,-7,15,21,2,11.733333333333333,17.333333333333332,4.266666666666667,5.4,4.133333333333334,5.6,3.2666666666666666,3.466666666666667
I1,2015-02-01,Chievo,Napoli,1538.53,1754.87,1,2,2,0.59,1.57,18,3,18,36,0.5333333333333333,2.4,0.6,2.1333333333333333,0.9786666666666668,1.8753333333333333,1.0166666666666666,1.3026666666666666,1.584,0.704,1.108,0.916,0.5333333333333333,1.8,0.4666666666666667,1.6,1.4,1.0666666666666669,1.1333333333333333,0.8,0.4453333333333334,0.0753333333333332,1.4,1.4,1.2,1.2,0.67,2.21,1.8,1.6,7.0,6.0,2,2,0,-16,2,-14,4,-1,17,21,2,12.733333333333333,13.066666666666666,4.066666666666666,4.666666666666667,4.266666666666667,5.333333333333333,2.2666666666666666,2.933333333333333
I1,2015-02-01,Atalanta,Cagliari,1571.73,1548.78,2,1,1,1.86,1.84,16,17,20,19,1.2,1.8666666666666667,1.2666666666666666,0.6666666666666666,0.934,1.4013333333333335,1.7273333333333334,1.2086666666666668,1.5420000000000005,1.3013333333333332,0.9193333333333334,1.5373333333333332,0.9333333333333332,1.6666666666666667,1.9333333333333331,1.2,1.0,1.9333333333333331,1.8666666666666667,2.6666666666666665,0.0006666666666665,-0.2653333333333332,1.6,1.0,1.2,1.0,0.62,3.01,2.6,1.4,7.0,8.0,2,2,0,-14,-15,-12,-13,1,0,21,2,14.333333333333334,10.866666666666667,4.666666666666667,4.533333333333333,4.333333333333333,4.666666666666667,3.6666666666666665,3.4
I1,2015-02-01,Torino,Sampdoria,1630.08,1629.96,5,1,1,3.5,0.47,13,5,25,34,2.333333333333333,1.8,1.4,1.6666666666666667,1.4926666666666668,1.3633333333333333,1.9533333333333327,1.4213333333333331,1.2233333333333334,1.014,0.7473333333333334,1.4559999999999995,1.4666666666666666,1.2,1.2666666666666666,1.3333333333333333,0.8,0.8666666666666667,1.1333333333333333,1.2,0.0260000000000002,0.1633333333333333,0.6,1.8,0.6,1.4,0.39,0.42,1.4,0.6,7.0,7.0,2,2,0,-9,0,-7,2,6,15,21,2,12.066666666666666,13.4,3.4,5.0,3.933333333333333,6.8,2.6666666666666665,1.9333333333333331
I1,2015-02-01,Milan,Parma,1676.16,1537.95,3,1,1,2.05,1.38,11,20,26,10,0.2666666666666666,0.4,1.0666666666666669,0.0,0.55,0.8166666666666667,1.1253333333333333,0.5299999999999999,1.848,1.9906666666666668,0.784,2.1786666666666665,0.6666666666666666,0.6666666666666666,1.0,0.5333333333333333,1.7333333333333334,1.9333333333333331,0.9333333333333332,2.933333333333333,-0.1166666666666665,0.15,1.4,1.4,2.4,2.6,3.78,1.43,2.4,2.8,8.0,7.0,2,2,0,-8,-24,-6,-22,7,-9,21,2,8.6,10.933333333333334,2.933333333333333,1.6,4.6,3.8,3.2666666666666666,2.933333333333333
SP1,2015-02-02,Malaga,Valencia,1761.12,1846.25,1,0,1,1.69,0.66,7,5,32,41,0.7333333333333333,2.6,1.1333333333333333,1.5333333333333334,0.788,1.738,0.8373333333333334,0.8473333333333334,1.204,1.6966666666666663,1.4366666666666663,1.272,0.8,2.333333333333333,1.0666666666666669,1.1333333333333333,1.4,1.2,1.2,0.8666666666666667,-0.012,-0.5953333333333335,0.8,2.0,1.0,1.8,1.13,1.97,1.4,1.2,8.0,8.0,1,1,0,-10,-1,-6,3,14,23,21,2,9.466666666666669,11.266666666666667,3.933333333333333,5.8,2.8666666666666667,4.266666666666667,2.1333333333333333,4.133333333333334
D1,2015-02-03,Hannover,Mainz,1677.45,1690.07,1,1,X,1.71,1.19,9,11,24,21,1.0,1.3333333333333333,1.4,0.4666666666666667,1.2973333333333334,1.4346666666666663,1.2373333333333332,0.9886666666666668,1.5193333333333332,0.778,1.354666666666667,1.5799999999999998,1.4,2.1333333333333333,1.2666666666666666,0.4666666666666667,1.4666666666666666,0.8,1.6,1.5333333333333334,-0.1026666666666664,-0.6986666666666668,1.0,1.6,1.4,1.4,0.56,1.01,1.8,2.0,3.0,3.0,1,1,0,-6,-9,-5,-8,7,4,19,1,13.533333333333331,14.866666666666667,4.4,4.733333333333333,7.333333333333333,5.6,2.333333333333333,1.6
D1,2015-02-03,Ein Frankfurt,Wolfsburg,1672.45,1831.18,1,1,X,0.95,1.86,9,2,23,37,0.6666666666666666,2.333333333333333,1.7333333333333334,1.7333333333333334,1.8900000000000003,1.6993333333333334,2.606666666666667,1.6626666666666667,2.2426666666666666,1.252,1.834,1.2953333333333332,2.0,2.6,3.333333333333333,2.533333333333333,2.933333333333333,1.2,2.7333333333333334,1.6,-0.1099999999999996,-0.9006666666666667,1.0,1.6,1.6,1.6,1.6,1.0,1.0,1.6,3.0,4.0,1,1,0,-7,7,-6,8,6,20,19,1,13.6,13.866666666666667,6.533333333333333,5.133333333333334,4.333333333333333,4.466666666666667,2.533333333333333,1.2666666666666666
D1,2015-02-03,Bayern Munich,Schalke 04,2039.01,1774.7,1,1,X,0.38,0.99,1,4,45,30,2.0,2.066666666666667,3.0,1.8,1.8166666666666669,1.5793333333333337,2.183333333333333,1.0193333333333332,0.932,1.151333333333333,0.522,1.3026666666666666,1.8666666666666667,1.1333333333333333,2.4,1.8,1.6,0.4666666666666667,0.1333333333333333,1.0,-0.05,0.4460000000000002,2.6,0.2,3.2,0.4,1.5,1.31,2.6,3.2,4.0,3.0,1,1,0,15,0,16,1,28,13,19,1,18.8,15.6,7.666666666666667,6.2,7.8,5.333333333333333,0.8666666666666667,2.0
D1,2015-02-03,MGladbach,Freiburg,1776.43,1658.39,1,0,1,1.29,0.88,4,14,30,18,1.9333333333333331,1.4666666666666666,2.2666666666666666,0.8666666666666667,1.6953333333333334,1.6706666666666663,1.6693333333333331,0.6446666666666666,1.2706666666666668,1.536,0.9966666666666666,1.9193333333333331,1.7333333333333334,1.9333333333333331,2.7333333333333334,0.8,1.0,1.3333333333333333,1.6,1.4666666666666666,-0.038,-0.2626666666666668,1.0,1.6,0.8,1.4,0.32,1.3,1.8,1.0,3.0,3.0,1,1,0,0,-12,1,-11,13,1,19,1,10.666666666666666,9.933333333333334,4.8,4.933333333333334,6.0,3.4,1.6666666666666667,2.533333333333333
D1,2015-02-04,Dortmund,Augsburg,1802.46,1718.29,0,1,2,0.94,1.05,18,5,16,30,0.7333333333333333,2.0,1.7333333333333334,1.4,0.7873333333333333,1.5060000000000002,1.606666666666667,1.163333333333333,1.138,1.4280000000000004,0.7113333333333333,1.1386666666666667,0.7333333333333333,1.6666666666666667,1.1333333333333333,0.8,1.0666666666666669,1.6,0.8666666666666667,1.2,0.054,-0.1606666666666665,2.6,0.2,3.2,1.4,2.3,1.0,2.333333333333333,3.333333333333333,4.0,3.0,1,1,0,-15,-1,-13,1,-1,13,19,1,14.133333333333333,13.533333333333331,4.266666666666667,5.6,5.133333333333334,4.133333333333334,1.0666666666666669,2.1333333333333333
D1,2015-02-04,FC Koln,Stuttgart,1642.4,1617.69,0,0,X,0.31,0.62,11,17,22,17,1.6,1.0,0.5333333333333333,2.066666666666667,0.8326666666666666,1.1326666666666667,0.8339999999999999,1.5833333333333333,0.6886666666666666,1.0526666666666666,0.8640000000000001,1.092,1.2666666666666666,0.3333333333333333,0.6,1.7333333333333334,0.8,0.7333333333333333,1.1333333333333333,1.0,-0.434,0.7993333333333335,1.6,1.0,1.4,1.2,1.3,0.72,0.4,0.6,4.0,4.0,1,1,0,-11,-16,-7,-12,5,0,19,1,11.466666666666669,12.066666666666666,4.2,2.8,4.333333333333333,4.6,0.8666666666666667,2.1333333333333333
D1,2015-02-04,Hertha,Leverkusen,1627.6,1799.21,0,1,2,0.53,1.07,15,6,18,29,0.6,1.3333333333333333,1.0,1.6666666666666667,0.8286666666666667,0.9393333333333334,0.7066666666666667,1.4866666666666668,2.03,0.8453333333333333,2.019333333333333,0.8213333333333334,1.0666666666666669,0.6,0.4666666666666667,1.1333333333333333,3.0,0.4666666666666667,2.1333333333333333,0.8,-0.238,0.3393333333333334,0.4,2.2,1.8,2.6,0.71,2.53,1.0,1.2,3.0,4.0,1,1,0,-15,-4,-11,0,1,12,19,1,6.133333333333334,13.333333333333334,1.8666666666666667,4.333333333333333,2.8,5.266666666666667,2.6666666666666665,2.466666666666667
D1,2015-02-04,Hoffenheim,Werder Bremen,1717.84,1633.35,1,2,2,1.33,0.58,7,12,26,20,1.2,1.9333333333333331,1.6,0.4,1.7166666666666666,1.3166666666666669,1.6946666666666663,0.9386666666666666,1.8513333333333333,1.068,1.956,2.558666666666667,2.066666666666667,1.9333333333333331,2.066666666666667,1.1333333333333333,1.5333333333333334,1.8,2.0,3.6,-0.3500000000000003,-0.6166666666666667,0.6,1.8,1.8,2.8,1.3,2.51,0.8,2.0,3.0,3.0,1,1,0,-7,-13,-5,-11,9,3,19,1,13.2,14.533333333333331,6.333333333333333,5.466666666666667,5.666666666666667,4.2,2.1333333333333333,2.2666666666666666
D1,2015-02-06,Schalke 04,MGladbach,1774.7,1776.43,1,0,1,1.03,0.33,6,3,31,33,1.7333333333333334,2.2666666666666666,1.8666666666666667,1.2,1.403333333333333,1.558,1.5993333333333335,1.3199999999999998,0.91,1.1633333333333336,1.2553333333333334,1.5586666666666669,0.9333333333333332,1.4,1.2666666666666666,0.8,0.6,0.6,0.6666666666666666,0.9333333333333332,0.47,0.1580000000000001,0.8,2.0,0.8,1.6,1.82,3.38,1.6,1.4,3.0,3.0,2,2,0,-2,0,0,2,13,15,20,2,13.2,10.8,5.866666666666666,4.933333333333334,3.933333333333333,5.533333333333333,1.8,1.4666666666666666
F1,2015-02-06,St Etienne,Lens,1691.21,1503.06,3,3,X,1.53,1.67,4,19,40,21,0.8,0.8,1.8666666666666667,0.5333333333333333,0.7873333333333333,1.7353333333333334,0.972,1.4493333333333334,1.676,1.12,1.434,1.61,0.4666666666666667,0.4666666666666667,1.4666666666666666,0.6,0.7333333333333333,1.0,0.4,1.4666666666666666,0.3206666666666666,1.2686666666666668,1.2,1.8,1.2,1.6,1.04,0.88,2.4,2.2,5.0,6.0,2,2,0,0,-19,4,-15,16,-3,24,2,9.666666666666666,16.4,1.8666666666666667,4.933333333333334,8.866666666666667,6.066666666666666,1.6,1.2
D1,2015-02-07,Freiburg,Dortmund,1658.39,1802.46,0,3,2,0.16,2.15,15,18,18,16,1.0666666666666669,0.4,1.6666666666666667,0.4,1.5059999999999998,0.7826666666666665,2.0073333333333334,0.7086666666666667,1.4646666666666668,1.1506666666666665,1.366,1.236,1.4666666666666666,0.4666666666666667,2.1333333333333333,0.4,1.2666666666666666,1.0666666666666669,1.4,1.1333333333333333,0.0393333333333332,0.3159999999999998,0.0,3.0,0.4,3.2,0.26,1.72,0.6,1.0,4.0,3.0,2,2,0,-15,-17,-14,-16,0,-2,20,2,12.133333333333333,13.933333333333334,5.266666666666667,4.666666666666667,3.733333333333333,4.466666666666667,2.333333333333333,0.7333333333333333
D1,2015-02-07,Stuttgart,Bayern Munich,1617.69,2039.01,0,2,2,0.13,0.1,18,1,18,46,1.0,1.5333333333333334,0.2666666666666666,2.0,1.008,1.35,0.99,1.7660000000000002,0.7766666666666667,1.0353333333333334,1.4660000000000002,0.9646666666666668,0.2,1.5333333333333334,0.0,2.066666666666667,0.3333333333333333,1.6,1.5333333333333334,1.6,0.808,-0.1833333333333333,0.0,3.0,0.4,2.6,0.31,1.23,0.2,1.0,3.0,4.0,2,2,0,-15,13,-14,14,0,28,20,2,10.4,15.866666666666667,3.1333333333333333,5.866666666666666,4.4,6.8,1.5333333333333334,2.0
D1,2015-02-07,Mainz,Hertha,1690.07,1627.6,0,2,2,1.52,1.77,13,18,22,18,1.3333333333333333,0.3333333333333333,1.3333333333333333,0.6666666666666666,1.4166666666666667,0.6693333333333332,1.6786666666666668,0.9886666666666666,1.0366666666666666,1.7280000000000002,0.7739999999999999,1.6586666666666663,1.9333333333333331,0.6,2.466666666666667,1.8,0.8,2.4,1.1333333333333333,2.6666666666666665,-0.5166666666666666,0.0693333333333332,1.0,1.6,1.2,1.6,2.37,1.72,1.2,1.4,4.0,3.0,2,2,0,-11,-15,-10,-14,4,0,20,2,15.466666666666669,4.466666666666667,5.6,1.0666666666666669,5.2,3.2,1.4,2.8
D1,2015-02-07,Wolfsburg,Hoffenheim,1831.18,1717.84,3,0,1,1.37,1.4,2,7,38,26,1.9333333333333331,0.8,2.6,0.8,1.7073333333333336,1.612666666666667,1.8673333333333333,1.4386666666666668,1.1486666666666667,1.4253333333333336,1.0606666666666666,1.7446666666666668,2.1333333333333333,1.8,2.333333333333333,1.7333333333333334,1.1333333333333333,1.7333333333333334,0.8,1.9333333333333331,-0.4259999999999997,-0.1873333333333331,1.6,1.0,2.0,2.2,1.64,1.16,1.6,2.2,4.0,3.0,2,2,0,5,-7,6,-6,20,8,20,2,12.0,13.333333333333334,3.933333333333333,6.066666666666666,4.466666666666667,6.4,1.4666666666666666,1.6666666666666667
D1,2015-02-07,Hamburg,Hannover,1599.67,1677.45,2,1,1,0.67,2.25,13,8,20,25,1.2666666666666666,1.0,1.2,0.6666666666666666,1.264,1.4006666666666667,1.1606666666666663,1.334,1.164,1.403333333333333,1.1353333333333333,1.6713333333333331,1.0,1.2,0.7333333333333333,1.6666666666666667,0.6666666666666666,1.2,1.1333333333333333,2.0,0.264,0.2006666666666667,1.2,1.8,1.2,2.0,0.98,2.23,2.2,1.0,3.0,4.0,2,2,0,-13,-8,-12,-7,2,7,20,2,11.4,12.0,3.6666666666666665,4.4,4.2,6.933333333333334,2.1333333333333333,1.9333333333333331
SP1,2015-02-07,Ath Madrid,Real Madrid,1964.97,2081.12,4,0,1,2.27,0.1,3,1,47,54,2.6,3.0,2.6,2.4,1.276,2.719333333333333,1.584666666666667,2.2786666666666666,1.1353333333333333,1.5339999999999998,0.4553333333333333,1.0873333333333333,2.533333333333333,2.7333333333333334,2.2666666666666666,2.333333333333333,1.0666666666666669,0.8,0.6666666666666666,0.9333333333333332,-1.2573333333333332,-0.0140000000000002,1.4,1.4,1.2,1.4,1.11,1.59,0.2,1.4,7.0,3.0,2,3,1,5,12,9,16,29,36,22,2,9.8,18.6,4.333333333333333,6.6,6.266666666666667,7.333333333333333,2.8,3.0
SP1,2015-02-07,Villarreal,Granada,1820.94,1642.6,2,0,1,1.54,0.38,6,19,38,18,1.6,1.4,3.0,0.3333333333333333,1.4293333333333331,0.9853333333333332,1.8926666666666667,0.3946666666666666,1.6126666666666667,1.1253333333333333,0.7346666666666668,1.7826666666666668,1.6,1.0,2.1333333333333333,0.8666666666666667,1.2666666666666666,1.2,0.0666666666666666,2.2,-0.1706666666666667,-0.0146666666666667,1.4,1.4,1.2,0.8,0.63,0.42,3.0,3.0,6.0,7.0,2,2,0,-4,-24,0,-20,19,-1,22,2,13.2,10.466666666666669,4.133333333333334,1.8666666666666667,5.066666666666666,7.466666666666667,1.7333333333333334,3.0
SP1,2015-02-07,Levante,Malaga,1676.94,1761.12,4,1,1,3.09,0.45,20,7,16,35,0.1333333333333333,1.4,0.8,1.3333333333333333,0.968,1.076,1.022,0.8659999999999999,1.5666666666666669,1.0553333333333332,0.996,1.4473333333333334,0.0666666666666666,0.8,0.4666666666666667,0.9333333333333332,1.3333333333333333,0.9333333333333332,1.0666666666666669,1.2666666666666666,0.9013333333333334,0.276,0.8,2.0,0.6,1.2,0.36,0.82,1.8,1.6,6.0,5.0,2,2,0,-26,-7,-22,-3,-2,17,22,2,9.933333333333334,9.933333333333334,2.2666666666666666,4.2,4.4,3.333333333333333,3.0,3.0
SP1,2015-02-07,Sociedad,Celta,1736.25,1711.24,1,1,X,0.98,0.57,14,10,22,24,1.1333333333333333,1.1333333333333333,1.9333333333333331,0.0,0.8900000000000001,1.3986666666666667,0.9013333333333332,0.5913333333333333,2.028,0.9986666666666668,0.7133333333333333,1.4686666666666668,0.8,0.7333333333333333,0.8666666666666667,0.3333333333333333,1.6666666666666667,0.9333333333333332,0.4,1.4666666666666666,0.09,0.6653333333333334,1.8,0.6,2.2,1.8,1.3,2.85,2.2,2.0,7.0,7.0,2,2,0,-20,-18,-16,-14,3,5,22,2,11.466666666666669,11.733333333333333,2.8666666666666667,4.6,5.933333333333334,5.4,1.4666666666666666,3.4
F1,2015-02-07,Rennes,Marseille,1560.59,1696.69,1,1,X,0.53,0.35,11,2,30,47,0.3333333333333333,1.8,0.4666666666666667,0.1333333333333333,0.8013333333333333,1.5566666666666669,0.7739999999999999,1.1906666666666668,1.248,0.8979999999999999,1.2993333333333337,1.248,0.4666666666666667,1.2666666666666666,0.6666666666666666,0.7333333333333333,1.7333333333333334,1.0666666666666669,2.466666666666667,1.6666666666666667,0.3346666666666666,0.2900000000000002,1.0,1.6,1.0,1.8,1.38,1.5,0.6,1.0,8.0,7.0,2,1,0,-11,6,-7,10,5,22,24,2,9.2,16.466666666666665,3.2666666666666666,3.1333333333333333,4.466666666666667,4.266666666666667,0.6666666666666666,1.8666666666666667
F1,2015-02-07,Reims,Lorient,1541.79,1552.86,1,3,2,1.71,1.01,13,17,29,24,0.4666666666666667,0.9333333333333332,1.1333333333333333,0.4,0.872,1.2733333333333334,1.1893333333333334,1.3313333333333337,1.842,1.224,1.5306666666666666,2.49,0.5333333333333333,0.9333333333333332,1.2666666666666666,1.7333333333333334,1.4666666666666666,1.3333333333333333,1.4,2.7333333333333334,0.3386666666666666,0.3400000000000001,1.8,0.6,1.0,0.6,0.83,0.24,2.0,1.0,7.0,7.0,2,2,0,-12,-17,-8,-13,5,0,24,2,11.4,13.866666666666667,3.1333333333333333,5.0,4.133333333333334,5.333333333333333,2.533333333333333,1.3333333333333333
F1,2015-02-07,Bastia,Metz,1555.61,1500.81,2,0,1,1.56,0.6,16,20,24,21,1.2666666666666666,0.4666666666666667,1.8,0.2666666666666666,1.078,0.7626666666666665,1.3266666666666669,0.5439999999999999,1.2113333333333334,1.134,0.9093333333333332,1.474,1.1333333333333333,0.4,1.6,0.3333333333333333,0.8666666666666667,1.2,0.8,1.8,-0.0553333333333332,0.3626666666666664,0.6,2.4,0.6,1.8,0.45,1.75,1.5,0.75,7.0,7.0,2,2,0,-17,-20,-12,-15,0,-3,24,2,6.266666666666667,8.466666666666667,2.333333333333333,3.0,2.7333333333333334,3.8666666666666663,2.0,2.066666666666667
F1,2015-02-07,Caen,Toulouse,1536.6,1548.53,2,0,1,1.75,0.44,16,15,24,25,2.466666666666667,1.2666666666666666,2.066666666666667,0.4,1.7300000000000002,0.9166666666666666,2.034666666666667,0.768,1.103333333333333,0.644,1.352,1.318,2.2666666666666666,0.6,1.9333333333333331,0.2666666666666666,0.6666666666666666,0.9333333333333332,0.9333333333333332,2.0,-0.5366666666666664,0.3166666666666666,0.4,2.2,0.8,1.4,0.66,3.64,1.0,0.6,6.0,7.0,2,2,0,-17,-16,-12,-11,0,1,24,2,12.133333333333333,12.266666666666667,4.733333333333333,3.466666666666667,4.266666666666667,6.266666666666667,1.0666666666666669,2.533333333333333
F1,2015-02-07,Evian Thonon Gaillard,Bordeaux,1536.02,1610.67,0,1,2,0.36,0.19,18,7,23,34,0.9333333333333332,0.7333333333333333,1.8666666666666667,0.7333333333333333,0.4333333333333333,0.9326666666666666,0.8653333333333334,0.8566666666666668,2.1493333333333333,1.134,1.7566666666666666,1.144,0.8,0.5333333333333333,1.3333333333333333,0.2666666666666666,1.3333333333333333,1.0666666666666669,0.8666666666666667,0.6,-0.3666666666666667,0.3993333333333333,0.2,2.6,1.2,2.0,0.37,0.54,0.6666666666666666,1.0,7.0,6.0,2,2,0,-18,-7,-13,-2,-1,10,24,2,5.466666666666667,11.666666666666666,1.8666666666666667,3.6,3.333333333333333,4.333333333333333,1.3333333333333333,2.2
F1,2015-02-07,Montpellier,Lille,1627.67,1627.56,1,2,2,0.59,2.23,7,13,36,28,2.2,0.9333333333333332,2.2,0.4666666666666667,0.9766666666666666,0.7333333333333333,1.0746666666666669,0.6566666666666666,0.7586666666666666,1.088,0.7480000000000001,1.3766666666666665,1.9333333333333331,0.5333333333333333,2.6,0.6666666666666666,0.5333333333333333,0.8,1.1333333333333333,1.2,-0.9566666666666668,0.1999999999999999,0.4,2.2,0.2,1.4,0.35,0.82,2.0,0.8,7.0,7.0,2,2,0,-5,-13,-1,-9,12,4,24,2,9.2,12.8,3.466666666666667,2.8,3.466666666666667,4.2,0.8,1.2
E0,2015-02-07,Tottenham,Arsenal,1785.7,1866.28,2,1,1,1.28,0.83,6,5,40,42,2.2666666666666666,2.6,2.466666666666667,1.7333333333333334,1.1806666666666668,1.9753333333333336,1.2733333333333334,1.63,1.7166666666666666,0.8613333333333334,1.826,1.394,2.4,2.933333333333333,2.2666666666666666,1.4666666666666666,1.0666666666666669,0.3333333333333333,1.2666666666666666,1.2,-1.2193333333333332,-0.9579999999999996,0.8,2.0,1.0,1.8,0.67,1.26,2.0,1.8,7.0,6.0,1,1,1,-3,-1,0,2,20,22,24,2,15.2,12.4,5.8,5.933333333333334,4.666666666666667,6.4,1.7333333333333334,1.1333333333333333
E0,2015-02-07,Aston Villa,Chelsea,1603.07,1942.15,1,2,2,0.71,1.12,16,1,22,53,0.2,1.8,0.8,1.6,0.8140000000000001,1.7446666666666668,0.9933333333333332,2.3160000000000003,1.8053333333333328,0.7153333333333334,1.0479999999999998,0.8153333333333334,0.0,2.533333333333333,0.2666666666666666,3.0,2.4,1.0666666666666669,0.8666666666666667,1.6666666666666667,0.8140000000000001,-0.7886666666666664,0.6,2.4,0.6,3.0,0.23,3.14,1.4,1.2,6.0,7.0,1,1,0,-20,11,-18,13,2,33,24,2,12.2,11.4,2.533333333333333,5.6,6.866666666666666,3.066666666666667,1.6,0.6666666666666666
E0,2015-02-07,Swansea,Sunderland,1671.45,1643.56,1,1,X,1.86,0.14,9,14,33,23,1.3333333333333333,1.0666666666666669,1.0666666666666669,0.6666666666666666,0.7460000000000001,1.1906666666666663,0.93,1.14,2.1826666666666665,1.657333333333333,1.6953333333333334,1.5719999999999998,0.7333333333333333,1.2,0.7333333333333333,1.0,1.9333333333333331,1.1333333333333333,2.2,1.4666666666666666,0.0126666666666668,-0.0093333333333334,1.8,0.6,1.8,0.6,0.16,1.4,1.6666666666666667,2.0,6.0,7.0,1,1,0,-10,-20,-7,-17,13,3,24,2,12.8,7.333333333333333,2.0,3.0,2.466666666666667,5.6,0.4666666666666667,2.6
E0,2015-02-07,Man City,Hull,1928.84,1565.58,1,1,X,0.99,1.13,2,18,48,19,1.0,0.4,1.6,0.6666666666666666,1.3313333333333333,0.8979999999999999,1.7706666666666666,0.4973333333333333,1.0186666666666668,1.1833333333333331,1.0773333333333333,1.6246666666666665,1.0666666666666669,0.2666666666666666,1.6666666666666667,0.6666666666666666,1.4666666666666666,2.066666666666667,1.6,1.8,0.2646666666666666,0.6313333333333333,2.0,0.8,2.0,1.0,1.79,1.12,2.333333333333333,2.6666666666666665,7.0,7.0,1,1,0,6,-23,8,-21,28,-1,24,2,15.533333333333331,12.2,5.133333333333334,4.866666666666666,9.4,4.266666666666667,2.4,2.466666666666667
E0,2015-02-07,QPR,Southampton,1562.53,1784.51,0,1,2,1.03,0.96,19,4,19,42,0.2,1.8666666666666667,1.0666666666666669,2.4,1.41,1.2466666666666666,1.7346666666666668,0.9786666666666668,1.3626666666666665,0.702,1.2966666666666669,0.8913333333333334,0.6666666666666666,1.0666666666666669,0.8,1.5333333333333334,2.066666666666667,0.6666666666666666,1.2,0.7333333333333333,0.7433333333333335,0.1799999999999999,1.0,2.0,1.3333333333333333,2.0,0.46,2.34,0.0,1.0,7.0,6.0,1,1,0,-23,0,-21,2,-1,22,24,2,16.8,10.466666666666669,4.8,3.8666666666666663,4.8,4.533333333333333,2.533333333333333,2.2666666666666666
E0,2015-02-07,Everton,Liverpool,1748.21,1814.83,0,0,X,0.23,1.04,12,7,26,38,1.4666666666666666,2.7333333333333334,1.0666666666666669,2.6,1.24,2.14,1.1373333333333333,1.6393333333333333,1.134,0.6153333333333334,0.8986666666666667,0.7946666666666666,0.6666666666666666,1.9333333333333331,0.7333333333333333,1.3333333333333333,0.6666666666666666,0.3333333333333333,0.6666666666666666,0.4666666666666667,0.5733333333333334,0.2066666666666667,0.8,1.4,1.2,2.0,0.48,1.53,1.0,1.4,7.0,7.0,1,1,1,-16,-4,-14,-2,6,18,24,2,13.2,18.2,3.066666666666667,6.0,4.533333333333333,5.133333333333334,2.6666666666666665,1.7333333333333334
I1,2015-02-07,Verona,Torino,1575.71,1630.08,1,3,2,0.68,1.6,14,10,24,28,1.2666666666666666,2.6,1.8,2.1333333333333333,1.1626666666666667,2.1573333333333333,1.8766666666666667,0.946,1.0933333333333333,1.0093333333333332,1.1006666666666665,1.2893333333333337,1.0,2.6666666666666665,1.3333333333333333,1.2,1.6,0.8666666666666667,1.0,0.6666666666666666,0.1626666666666667,-0.5093333333333332,0.8,2.0,1.0,2.2,1.22,2.62,0.0,0.5,6.0,6.0,2,2,0,-10,-6,-8,-4,5,9,22,2,11.333333333333334,14.0,4.266666666666667,5.2,1.6666666666666667,4.066666666666666,2.0,2.2
I1,2015-02-07,Juventus,Milan,1897.77,1676.16,3,1,1,2.0,0.32,1,8,50,29,2.2,1.1333333333333333,2.333333333333333,0.5333333333333333,1.4386666666666663,1.0393333333333332,1.836,0.6626666666666667,0.5713333333333334,1.768,0.5573333333333333,2.115333333333333,1.8,1.4666666666666666,2.2,0.7333333333333333,0.2,1.6,0.4,1.5333333333333334,-0.3613333333333335,-0.4273333333333333,2.4,0.6,1.4,0.6,1.44,0.28,1.8,1.2,6.0,6.0,2,2,0,16,-5,18,-3,31,10,22,2,17.466666666666665,11.133333333333333,5.4,4.733333333333333,7.6,3.4,1.2666666666666666,2.8666666666666667
D1,2015-02-08,Werder Bremen,Leverkusen,1633.35,1799.21,2,1,1,0.89,1.75,12,6,23,32,2.466666666666667,1.9333333333333331,2.6,2.2,1.056,0.9773333333333334,1.9226666666666667,1.3606666666666667,0.9686666666666668,0.7246666666666667,0.6646666666666667,0.6773333333333333,1.9333333333333331,0.7333333333333333,2.466666666666667,1.0,1.2666666666666666,0.2666666666666666,0.8666666666666667,0.4,-0.8773333333333333,0.2440000000000001,0.8,2.0,1.2,2.0,1.73,1.98,1.2,1.4,4.0,4.0,2,2,0,-11,-2,-9,0,5,14,20,2,13.266666666666667,11.933333333333334,5.733333333333333,3.933333333333333,3.1333333333333333,4.2,2.8666666666666667,2.2
D1,2015-02-08,Augsburg,Ein Frankfurt,1718.29,1672.45,2,2,X,1.76,2.01,5,9,33,24,2.4,0.6666666666666666,2.4,0.6666666666666666,1.4306666666666668,1.4346666666666663,1.7800000000000002,1.5040000000000002,1.2386666666666666,2.138,1.442666666666667,2.1133333333333333,1.5333333333333334,1.4666666666666666,2.1333333333333333,1.4,1.0,2.333333333333333,1.5333333333333334,2.4,-0.1026666666666666,-0.032,2.0,0.8,1.6,1.2,1.0,0.85,3.0,2.0,4.0,5.0,2,2,0,0,-9,1,-8,15,6,20,2,12.0,12.4,4.933333333333334,5.333333333333333,2.933333333333333,2.933333333333333,2.2,2.4
SP1,2015-02-08,Getafe,Sevilla,1675.7,1829.99,2,1,1,3.05,0.4,16,5,20,42,0.8,1.4,1.1333333333333333,1.0,0.9986666666666666,2.442,0.9926666666666668,1.7866666666666666,1.538,1.7086666666666666,1.6013333333333335,2.1446666666666667,0.7333333333333333,1.7333333333333334,0.9333333333333332,1.2,1.6,1.8,1.6666666666666667,1.8,0.2653333333333333,0.7086666666666668,0.8,2.0,0.6,1.6,0.3,2.04,2.6,2.4,7.0,4.0,2,3,0,-24,-2,-21,1,1,23,22,2,10.4,14.2,4.6,4.866666666666666,4.8,5.866666666666666,2.6,5.666666666666667
SP1,2015-02-08,Espanol,Valencia,1703.96,1846.25,1,2,2,1.58,1.49,9,5,26,41,1.4,1.7333333333333334,2.4,1.0,1.3253333333333333,1.4646666666666668,1.7526666666666666,0.7833333333333333,1.5686666666666669,1.728,0.6706666666666667,1.4513333333333334,1.7333333333333334,1.6666666666666667,1.8666666666666667,0.6666666666666666,1.5333333333333334,1.2,0.6,0.8666666666666667,-0.4080000000000001,-0.2019999999999999,1.0,1.6,2.0,2.2,1.09,1.86,1.6,2.4,7.0,6.0,2,2,0,-16,-1,-15,0,7,22,22,2,11.933333333333334,11.066666666666666,4.6,5.2,5.533333333333333,3.8666666666666663,3.066666666666667,4.133333333333334
SP1,2015-02-08,Ath Bilbao,Barcelona,1744.94,2021.54,2,5,2,1.83,4.61,13,2,23,50,1.2666666666666666,2.8,0.5333333333333333,2.1333333333333333,1.1746666666666667,2.9833333333333334,0.8586666666666666,2.329333333333333,1.3586666666666667,0.6893333333333334,1.3753333333333333,0.4906666666666666,1.0666666666666669,3.8,1.0,3.1333333333333333,1.0,0.8666666666666667,1.8666666666666667,0.2,0.1080000000000001,-0.8166666666666664,0.8,2.0,1.0,2.2,0.1,2.18,1.2,1.4,7.0,7.0,2,1,0,-19,8,-18,9,4,31,22,2,12.333333333333334,15.733333333333333,4.666666666666667,6.866666666666666,6.133333333333334,4.933333333333334,2.4,1.9333333333333331
F1,2015-02-08,Guingamp,Monaco,1559.53,1736.95,1,0,1,1.15,1.74,12,5,29,40,1.6,2.066666666666667,2.8,2.466666666666667,1.5060000000000002,1.164,1.913333333333333,1.0833333333333333,1.1246666666666667,0.7733333333333334,1.1486666666666667,0.722,1.6666666666666667,0.5333333333333333,2.4,1.0666666666666669,1.3333333333333333,0.0,0.8666666666666667,0.3333333333333333,-0.1606666666666665,0.6306666666666668,0.2,2.6,0.6,1.8,0.08,1.44,1.0,1.25,7.0,7.0,1,1,0,-12,-1,-8,3,4,15,24,2,10.666666666666666,10.133333333333333,4.666666666666667,2.4,4.866666666666666,5.333333333333333,2.466666666666667,1.2666666666666666
F1,2015-02-08,Nice,Nantes,1575.5,1575.79,0,0,X,1.23,0.19,8,9,32,32,2.1333333333333333,0.6666666666666666,2.066666666666667,0.6,1.156,1.0173333333333332,1.606,0.7986666666666667,1.0406666666666666,1.334,0.7773333333333333,1.9333333333333336,1.3333333333333333,0.4666666666666667,1.6,0.5333333333333333,0.7333333333333333,1.6666666666666667,0.8666666666666667,2.2,-0.1773333333333331,0.5506666666666665,0.8,2.0,0.6,1.4,0.08,1.97,1.4,0.8,8.0,8.0,1,1,0,-9,-9,-5,-5,7,7,24,2,8.8,13.4,2.466666666666667,4.933333333333334,3.933333333333333,6.666666666666667,3.0,1.2
F1,2015-02-08,Lyon,Paris SG,1748.92,1838.89,1,1,X,0.72,2.6,1,3,49,47,2.333333333333333,2.466666666666667,3.0,1.3333333333333333,1.2313333333333332,2.1406666666666667,2.053333333333333,1.9653333333333327,0.6753333333333332,0.5226666666666667,0.478,0.9526666666666668,1.6666666666666667,1.6666666666666667,2.533333333333333,1.2,0.0,0.9333333333333332,0.2,1.5333333333333334,-0.4353333333333335,0.474,0.8,2.0,0.4,1.4,0.54,1.71,1.6,1.8,7.0,9.0,2,2,0,8,6,12,10,24,22,24,2,11.466666666666669,9.733333333333333,4.666666666666667,3.8666666666666663,2.8666666666666667,4.4,1.0666666666666669,2.2666666666666666
E0,2015-02-08,Newcastle,Stoke,1667.64,1701.77,1,1,X,0.79,0.22,11,10,30,32,1.3333333333333333,2.1333333333333333,1.0666666666666669,1.7333333333333334,0.7580000000000001,0.8033333333333333,1.1813333333333331,0.8326666666666666,0.9533333333333334,1.1433333333333335,1.2346666666666666,1.128,1.8666666666666667,1.5333333333333334,1.8666666666666667,0.7333333333333333,1.4666666666666666,1.0666666666666669,2.066666666666667,1.0666666666666669,-1.1086666666666667,-0.7300000000000001,1.2,1.8,1.6,1.2,1.14,1.56,2.0,2.6,8.0,8.0,1,1,0,-13,-11,-12,-10,9,11,24,2,12.666666666666666,12.2,4.4,2.6666666666666665,5.4,4.333333333333333,1.3333333333333333,1.2666666666666666
E0,2015-02-08,West Ham,Man United,1703.01,1845.19,1,1,X,0.87,1.21,8,4,36,43,1.1333333333333333,2.0,1.8666666666666667,1.8,1.216,1.5086666666666666,1.7573333333333332,1.416,1.5553333333333332,0.854,1.2653333333333336,1.0633333333333337,1.2,1.6666666666666667,1.9333333333333331,1.2,1.1333333333333333,0.6666666666666666,0.7333333333333333,0.4666666666666667,0.016,-0.1580000000000001,0.2,2.6,0.8,2.0,1.27,0.52,0.2,0.8,8.0,8.0,1,1,0,-7,0,-6,1,15,22,24,2,11.066666666666666,10.6,3.933333333333333,4.133333333333334,4.866666666666666,4.066666666666666,1.1333333333333333,1.2
I1,2015-02-08,Fiorentina,Atalanta,1704.41,1571.73,3,2,1,2.08,1.53,6,16,32,23,1.6,1.8,1.4666666666666666,1.0666666666666669,1.508,1.1866666666666668,1.5373333333333334,0.7526666666666666,1.6886666666666663,1.65,1.3166666666666669,1.838,1.5333333333333334,1.1333333333333333,1.6,0.6666666666666666,1.2666666666666666,0.8666666666666667,1.4,1.1333333333333333,-0.0253333333333334,0.0533333333333334,3.0,0.0,2.2,0.2,1.03,1.15,2.6,2.4,8.0,7.0,2,2,0,-2,-11,0,-9,13,4,22,2,16.066666666666666,14.533333333333331,5.2,5.0,5.666666666666667,7.266666666666667,1.8,3.0
I1,2015-02-08,Cagliari,Roma,1548.78,1765.15,1,2,2,1.92,1.2,17,2,19,43,1.4,1.1333333333333333,1.8,1.8,1.5933333333333333,0.8960000000000001,1.43,1.3273333333333333,1.4033333333333335,1.112,1.2493333333333332,0.9113333333333334,1.5333333333333334,1.1333333333333333,1.4,1.0666666666666669,1.8,1.0666666666666669,1.7333333333333334,0.6666666666666666,0.0599999999999998,-0.2373333333333331,0.8,2.0,1.0,2.0,0.49,1.52,1.4,2.4,7.0,8.0,1,2,0,-15,9,-13,11,0,24,22,2,11.333333333333334,15.4,5.2,4.2,4.4,4.666666666666667,2.933333333333333,3.333333333333333
I1,2015-02-08,Sampdoria,Sassuolo,1629.96,1568.01,1,1,X,1.2,1.77,6,12,34,28,1.2666666666666666,1.5333333333333334,1.5333333333333334,0.9333333333333332,1.1213333333333333,1.362,1.1486666666666667,1.2100000000000002,1.796,1.665333333333333,0.9086666666666666,1.9633333333333336,1.1333333333333333,2.1333333333333333,1.2666666666666666,1.8,2.1333333333333333,1.6666666666666667,1.0,2.066666666666667,-0.012,-0.7713333333333334,1.3333333333333333,1.3333333333333333,1.6666666666666667,1.6666666666666667,0.65,0.66,0.0,3.0,7.0,7.0,2,1,0,-1,-7,0,-6,15,9,22,2,12.933333333333334,12.733333333333333,3.8,4.333333333333333,6.8,5.666666666666667,1.9333333333333331,3.533333333333333
I1,2015-02-08,Napoli,Udinese,1754.87,1603.95,3,1,1,0.89,0.34,3,13,39,28,2.6,1.4666666666666666,1.8,1.8666666666666667,1.7706666666666668,0.6873333333333332,2.0733333333333333,0.9446666666666664,0.6993333333333333,1.22,0.8786666666666666,1.5133333333333332,1.8,1.0666666666666669,1.8,1.6,1.0666666666666669,0.8666666666666667,1.6,1.2666666666666666,-0.0293333333333332,-0.3793333333333334,1.2,1.2,1.2,1.2,0.44,0.69,1.6,1.6,7.0,7.0,2,2,0,4,-7,5,-6,20,9,22,2,12.466666666666669,10.066666666666666,4.333333333333333,2.6,5.6,4.6,2.066666666666667,2.0
I1,2015-02-08,Inter,Palermo,1656.09,1603.32,3,0,1,0.86,1.03,13,8,26,30,0.6666666666666666,1.6666666666666667,1.0666666666666669,0.7333333333333333,1.146,1.350666666666667,1.3386666666666671,1.1166666666666667,1.2066666666666668,1.088,1.188,1.7646666666666668,0.8,1.8666666666666667,1.4666666666666666,2.066666666666667,1.4666666666666666,1.3333333333333333,1.4,2.333333333333333,0.3460000000000001,-0.516,1.0,1.6,1.8,2.0,0.48,0.58,2.2,3.0,7.0,7.0,2,2,0,-9,-5,-8,-4,7,11,22,2,13.333333333333334,12.133333333333333,3.1333333333333333,5.0,6.266666666666667,6.533333333333333,3.1333333333333333,2.2666666666666666
SP1,2015-02-09,Elche,Vallecano,1634.79,1667.35,2,0,1,2.97,0.41,20,15,17,23,1.0666666666666669,0.8,1.0,1.6,0.8060000000000002,1.1800000000000002,1.0286666666666666,1.104666666666667,2.006666666666667,1.4186666666666667,2.2299999999999995,1.2086666666666666,0.6,0.9333333333333332,0.8,1.0666666666666669,2.2,1.6666666666666667,2.8,1.6,0.2060000000000001,0.2466666666666668,2.0,1.0,1.6666666666666667,1.6666666666666667,0.57,1.42,3.0,2.0,9.0,10.0,1,1,0,-27,-21,-24,-18,-2,4,22,2,8.533333333333333,12.6,3.533333333333333,3.933333333333333,3.1333333333333333,6.533333333333333,4.933333333333334,2.933333333333333
I1,2015-02-09,Lazio,Genoa,1683.38,1600.41,0,1,2,0.72,1.56,6,11,34,29,1.1333333333333333,0.6,2.0,0.4666666666666667,1.3306666666666669,1.9373333333333331,1.904,1.128,0.6353333333333333,1.986,0.4226666666666666,2.305333333333333,1.6,1.4666666666666666,2.0,1.2666666666666666,1.4,2.0,0.8,1.9333333333333331,-0.2693333333333334,0.4706666666666668,0.0,3.0,0.4,1.8,1.97,1.19,1.2,1.2,8.0,9.0,1,2,0,-1,-6,0,-5,15,10,22,2,15.466666666666669,13.333333333333334,5.666666666666667,5.333333333333333,5.466666666666667,6.8,3.333333333333333,2.466666666666667
E0,2015-02-10,Arsenal,Leicester,1866.28,1596.67,2,1,1,1.77,0.8,6,20,42,17,1.8,0.4666666666666667,3.0,0.8666666666666667,1.563333333333333,0.8260000000000001,2.2966666666666664,0.6086666666666667,0.942,1.1853333333333331,0.7506666666666665,1.8866666666666667,2.466666666666667,0.5333333333333333,3.466666666666667,1.1333333333333333,0.8,1.4666666666666666,0.3333333333333333,1.9333333333333331,-0.9033333333333338,0.2926666666666667,1.8,0.6,1.8,0.6,2.3,0.81,3.0,5.0,3.0,3.0,2,2,0,-2,-27,0,-25,21,-4,25,2,10.2,11.333333333333334,4.933333333333334,3.1333333333333333,5.133333333333334,5.8,2.333333333333333,2.2
E0,2015-02-10,Sunderland,QPR,1643.56,1562.53,0,2,2,1.81,1.27,14,19,24,19,1.1333333333333333,0.0666666666666666,1.1333333333333333,0.0,0.8919999999999999,1.2653333333333336,1.1780000000000002,1.2526666666666668,1.6960000000000002,1.2453333333333334,1.3833333333333333,1.4746666666666666,1.2,0.4666666666666667,1.0666666666666669,0.9333333333333332,1.0666666666666669,1.8666666666666667,1.2666666666666666,2.466666666666667,-0.308,0.798666666666667,1.4,1.4,1.4,1.4,0.96,1.27,2.0,1.5,3.0,3.0,2,2,0,-21,-26,-19,-24,2,-3,25,2,6.0,15.2,2.333333333333333,4.2,4.2,4.0,3.0,2.333333333333333
E0,2015-02-10,Hull,Aston Villa,1565.58,1603.07,2,0,1,0.99,0.42,18,16,20,22,0.5333333333333333,0.0666666666666666,0.8666666666666667,0.2,0.9086666666666666,0.77,1.346666666666667,0.732,1.172,1.6653333333333336,0.7260000000000001,1.7839999999999998,0.4666666666666667,0.3333333333333333,0.5333333333333333,0.0666666666666666,1.8666666666666667,2.533333333333333,1.3333333333333333,2.2666666666666666,0.4419999999999999,0.4366666666666667,0.2,2.6,0.4,2.0,0.29,0.64,0.3333333333333333,0.0,3.0,3.0,2,2,0,-25,-23,-23,-21,-1,1,25,2,10.133333333333333,10.6,4.333333333333333,2.0,3.066666666666667,7.133333333333334,3.1333333333333333,2.066666666666667
E0,2015-02-10,Liverpool,Tottenham,1814.83,1785.7,3,2,1,2.76,1.71,7,6,39,43,2.2,2.6,2.066666666666667,2.0,1.7100000000000002,1.214,2.273333333333333,1.0806666666666669,0.454,1.3159999999999998,0.7353333333333333,1.665333333333333,1.2,2.333333333333333,2.2666666666666666,1.9333333333333331,0.1333333333333333,1.0,1.0,1.0666666666666669,0.5100000000000002,-1.1193333333333335,2.4,0.6,3.2,0.8,2.74,0.49,2.0,1.8,3.0,3.0,2,2,0,-6,-2,-4,0,17,21,25,2,17.666666666666668,18.33333333333333,5.8,6.533333333333333,5.4,6.466666666666667,1.4666666666666666,2.066666666666667
E0,2015-02-11,Chelsea,Everton,1942.15,1748.21,1,0,1,0.9,0.71,1,12,56,27,2.2666666666666666,1.4666666666666666,2.333333333333333,1.0,1.5486666666666669,0.928,1.5159999999999998,1.0293333333333334,0.6946666666666667,1.0413333333333334,0.5773333333333334,1.7126666666666668,2.4,0.4,1.7333333333333334,0.7333333333333333,0.9333333333333332,0.2666666666666666,0.3333333333333333,1.6,-0.851333333333333,0.528,2.4,0.6,2.2,1.2,2.03,1.45,2.2,2.0,4.0,4.0,2,2,0,11,-18,13,-16,34,5,25,2,11.466666666666669,11.2,5.533333333333333,2.4,4.133333333333334,3.933333333333333,1.0,3.1333333333333333
E0,2015-02-11,Stoke,Man City,1701.77,1928.84,1,4,2,0.75,2.14,10,2,33,49,1.8,0.9333333333333332,2.066666666666667,1.8,0.5726666666666667,1.128,1.1073333333333333,1.346,1.0026666666666666,1.056,1.2213333333333334,1.0933333333333335,1.4,0.9333333333333332,1.8666666666666667,1.6,1.0666666666666669,1.2666666666666666,1.0,0.8666666666666667,-0.8273333333333333,0.1946666666666667,1.0,1.6,0.4,1.0,0.3,0.89,1.0,0.8,3.0,4.0,2,2,0,-13,3,-10,6,11,27,25,2,10.6,15.6,2.8,4.866666666666666,5.333333333333333,10.466666666666669,2.2666666666666666,2.2
E0,2015-02-11,Man United,Burnley,1845.19,1585.07,3,1,1,1.62,1.85,5,19,44,21,1.8,0.8,2.2,0.4666666666666667,1.4,1.3453333333333333,1.6366666666666665,1.2566666666666668,0.826,1.7726666666666666,0.9773333333333336,1.59,1.6,1.5333333333333334,2.1333333333333333,1.3333333333333333,0.8,2.1333333333333333,0.8666666666666667,2.2666666666666666,-0.2000000000000001,-0.1880000000000001,1.3333333333333333,1.3333333333333333,1.0,0.3333333333333333,0.47,0.51,3.0,3.0,3.0,3.0,2,2,0,-1,-24,1,-22,22,-1,25,2,13.333333333333334,12.266666666666667,4.866666666666666,4.733333333333333,5.533333333333333,5.133333333333334,1.6666666666666667,1.0
E0,2015-02-11,Southampton,West Ham,1784.51,1703.01,0,0,X,1.68,0.13,4,8,45,37,2.2,1.1333333333333333,1.4,0.6,1.156,1.102666666666667,1.7086666666666666,0.612,0.8,1.3766666666666665,0.5506666666666666,2.16,1.0,1.1333333333333333,1.2,0.5333333333333333,0.4666666666666667,1.0666666666666669,0.6666666666666666,1.5333333333333334,0.1559999999999999,-0.0306666666666666,1.0,1.6,1.2,1.8,1.58,0.64,1.2,1.2,4.0,3.0,2,2,0,0,-8,2,-6,23,15,25,2,12.4,11.6,4.4,4.6,4.533333333333333,6.333333333333333,2.1333333333333333,1.3333333333333333
E0,2015-02-11,Crystal Palace,Newcastle,1623.1,1667.64,1,1,X,0.93,0.44,13,11,26,31,2.066666666666667,1.2,0.9333333333333332,1.0666666666666669,1.1853333333333331,0.7066666666666668,1.362,0.6719999999999999,1.054,0.678,1.0913333333333337,1.354,1.2,1.5333333333333334,0.8666666666666667,1.4,0.8,1.2,1.4,1.7333333333333334,-0.0146666666666666,-0.8266666666666667,0.25,2.5,0.75,2.25,1.66,1.7,0.0,0.0,4.0,3.0,2,2,0,-19,-14,-17,-12,4,9,25,2,13.533333333333331,11.533333333333331,3.2,3.8666666666666663,5.666666666666667,5.133333333333334,1.6666666666666667,1.4666666666666666
E0,2015-02-11,West Brom,Swansea,1613.18,1671.45,2,0,1,0.69,0.44,16,9,23,34,1.0,1.3333333333333333,1.2,1.6666666666666667,1.2846666666666666,1.0513333333333332,1.2920000000000005,1.0,1.151333333333333,1.4293333333333331,1.092,2.294,0.8666666666666667,0.8,0.6666666666666666,1.0,1.5333333333333334,1.5333333333333334,1.7333333333333334,1.2666666666666666,0.4179999999999999,0.2513333333333332,1.2,1.8,1.0,2.0,0.7,2.03,1.0,1.0,3.0,4.0,2,2,0,-23,-12,-20,-9,1,12,25,2,10.6,13.333333333333334,3.333333333333333,3.4,4.533333333333333,3.6666666666666665,2.4,1.3333333333333333
I1,2015-02-11,Parma,Chievo,1537.95,1538.53,0,1,2,0.74,1.72,20,18,10,18,0.2,0.2,0.7333333333333333,1.3333333333333333,1.0426666666666666,0.8606666666666666,0.9033333333333334,0.8553333333333334,1.9233333333333331,1.6786666666666668,1.7186666666666666,1.3266666666666669,0.8,0.6666666666666666,0.6,0.8,2.333333333333333,1.7333333333333334,1.3333333333333333,1.0,0.2426666666666666,0.1939999999999999,2.2,0.4,1.6,0.8,0.93,1.35,2.2,1.2,10.0,10.0,1,1,0,-25,-17,-24,-16,-9,-1,22,2,12.333333333333334,13.733333333333333,2.8,3.6,4.666666666666667,3.2666666666666666,2.8666666666666667,1.9333333333333331
D1,2015-02-13,Dortmund,Mainz,1802.46,1690.07,4,2,1,2.75,0.69,16,13,19,22,1.2666666666666666,0.9333333333333332,1.2666666666666666,0.6666666666666666,1.224,1.4973333333333334,1.388,1.0213333333333332,0.8100000000000002,1.3366666666666664,0.8113333333333334,1.4660000000000002,1.2666666666666666,1.4,0.8666666666666667,0.6666666666666666,0.6666666666666666,1.2,0.9333333333333332,1.2666666666666666,-0.0426666666666666,0.0973333333333335,2.4,0.6,2.2,1.2,2.1,0.97,2.2,1.8,6.0,6.0,3,3,0,-15,-12,-13,-10,1,4,21,2,16.333333333333332,14.266666666666667,7.066666666666666,5.266666666666667,4.4,4.933333333333334,1.1333333333333333,1.8
SP1,2015-02-13,Almeria,Sociedad,1642.22,1736.25,2,2,X,1.12,0.91,16,12,22,23,1.8,1.0,1.0,0.5333333333333333,1.216,0.932,1.3646666666666667,0.7773333333333333,1.4200000000000004,1.6326666666666667,1.1686666666666667,2.55,1.2,0.8666666666666667,0.6,0.8,1.4666666666666666,1.6,1.6,2.333333333333333,0.016,0.0653333333333333,1.4,1.4,1.6,2.2,0.6,1.68,2.0,3.0,5.0,6.0,2,2,0,-22,-21,-19,-18,2,3,23,2,10.0,10.266666666666667,3.4,2.933333333333333,5.866666666666666,4.6,3.2666666666666666,2.466666666666667
F1,2015-02-13,Marseille,Reims,1696.69,1541.79,2,2,X,2.11,1.43,2,13,48,29,1.5333333333333334,0.2,3.0,0.6666666666666666,1.232,1.126,1.6513333333333335,0.832,0.7873333333333333,1.626,0.7053333333333333,1.6060000000000003,1.1333333333333333,0.5333333333333333,1.8,1.0,1.0,1.9333333333333331,0.6,1.8666666666666667,0.0986666666666666,0.5926666666666668,1.6,1.0,1.8,0.8,3.63,0.38,0.5,1.0,6.0,6.0,2,2,0,7,-12,11,-8,23,4,25,2,14.666666666666666,10.333333333333334,2.7333333333333334,3.2,3.933333333333333,4.8,2.533333333333333,1.9333333333333331
D1,2015-02-14,MGladbach,FC Koln,1776.43,1642.4,1,0,1,0.8,0.39,5,11,33,24,1.6,1.2666666666666666,2.6,1.8,1.1366666666666667,0.7506666666666667,1.592,0.9353333333333336,1.142,0.5813333333333334,0.9353333333333336,0.9806666666666668,0.8666666666666667,0.5333333333333333,2.333333333333333,1.7333333333333334,0.6666666666666666,0.2666666666666666,1.1333333333333333,1.6,0.27,0.2173333333333333,2.6,0.2,3.0,0.2,0.77,0.55,2.0,2.2,8.0,7.0,3,3,0,-1,-10,1,-8,15,6,21,2,10.066666666666666,12.066666666666666,3.6666666666666665,3.466666666666667,4.733333333333333,5.266666666666667,1.0,1.2
D1,2015-02-14,Leverkusen,Wolfsburg,1799.21,1831.18,4,5,2,1.99,2.09,6,2,32,41,1.3333333333333333,2.333333333333333,1.2666666666666666,1.4,1.1966666666666663,1.5520000000000005,1.0,1.7066666666666668,0.7520000000000001,1.244,0.9173333333333332,1.21,0.8,2.466666666666667,1.1333333333333333,2.0,0.8,0.7333333333333333,0.6,1.4666666666666666,0.3966666666666665,-0.9146666666666664,0.8,2.0,1.4,2.4,0.62,1.56,2.6,2.4,6.0,7.0,3,2,0,-2,7,0,9,14,23,21,2,11.466666666666669,10.533333333333331,3.066666666666667,4.066666666666666,4.866666666666666,3.333333333333333,2.333333333333333,1.6
D1,2015-02-14,Hoffenheim,Stuttgart,1717.84,1617.69,2,1,1,1.2,0.19,8,18,26,18,0.4,0.6,1.0,1.7333333333333334,1.4566666666666668,0.7240000000000001,1.5733333333333337,1.178666666666667,1.3293333333333337,0.5233333333333333,1.5893333333333333,0.7340000000000001,1.1333333333333333,0.0666666666666666,1.6666666666666667,1.0,2.2,0.8666666666666667,2.0,0.4666666666666667,0.3233333333333335,0.6573333333333334,1.8,1.2,2.2,1.6,1.15,1.33,0.8,1.4,7.0,7.0,3,3,0,-8,-16,-6,-14,8,0,21,2,14.0,8.133333333333333,5.2,2.066666666666667,5.866666666666666,4.2,1.4,1.2666666666666666
D1,2015-02-14,Werder Bremen,Augsburg,1633.35,1718.29,3,2,1,2.63,0.59,9,5,26,34,2.8,2.1333333333333333,2.7333333333333334,2.0,0.956,1.612,1.5399999999999998,1.1246666666666667,1.176,1.4226666666666663,0.9913333333333334,1.0733333333333333,1.9333333333333331,1.8,2.2666666666666666,0.8666666666666667,1.0,1.1333333333333333,0.9333333333333332,0.8,-0.9773333333333334,-0.1880000000000001,0.6,2.4,1.0,2.2,2.02,2.91,1.3333333333333333,0.6666666666666666,6.0,6.0,3,3,0,-8,0,-6,2,8,16,21,2,11.0,11.866666666666667,5.2,5.333333333333333,3.1333333333333333,2.933333333333333,2.333333333333333,2.533333333333333
D1,2015-02-14,Bayern Munich,Hamburg,2039.01,1599.67,8,0,1,4.18,0.23,1,12,49,23,1.8666666666666667,1.9333333333333331,2.333333333333333,1.4666666666666666,0.8279999999999998,1.1446666666666667,1.5659999999999998,1.388,0.812,1.4926666666666668,0.6679999999999999,1.4720000000000002,1.5333333333333334,1.4666666666666666,1.7333333333333334,1.1333333333333333,1.2,0.8,0.4,0.5333333333333333,-0.7053333333333336,-0.3219999999999998,2.6,0.2,3.8,0.8,1.04,0.2,3.0,4.8,7.0,7.0,2,3,0,15,-11,17,-9,31,5,21,2,12.2,9.733333333333333,4.8,3.6,4.666666666666667,3.8666666666666663,1.8666666666666667,1.8
D1,2015-02-14,Ein Frankfurt,Schalke 04,1672.45,1774.7,1,0,1,1.12,1.1,9,3,25,34,0.8,2.2,1.6,1.7333333333333334,1.5246666666666664,1.288,2.124,1.0573333333333332,1.972,0.672,1.7593333333333334,0.9106666666666666,1.5333333333333334,0.9333333333333332,2.6666666666666665,1.6666666666666667,2.1333333333333333,0.3333333333333333,2.066666666666667,0.9333333333333332,-0.008666666666667,0.3546666666666667,1.2,1.2,1.4,1.6,0.84,1.78,1.0,1.2,6.0,8.0,3,3,0,-9,0,-7,2,7,16,21,2,13.2,11.8,5.066666666666666,5.266666666666667,2.7333333333333334,4.2,2.6,1.5333333333333334
SP1,2015-02-14,Real Madrid,La Coruna,2081.12,1644.71,2,0,1,1.48,0.62,1,13,54,24,2.0,2.066666666666667,3.0,1.3333333333333333,1.913333333333333,1.9066666666666667,2.754,1.2440000000000002,1.884666666666667,0.7886666666666666,1.3126666666666666,1.4200000000000002,1.8,1.6,3.066666666666667,0.6666666666666666,1.9333333333333331,1.2,0.6666666666666666,1.2,0.113333333333333,0.3066666666666666,2.6,0.2,4.2,1.0,2.06,1.75,3.0,3.6,7.0,8.0,3,1,0,10,-20,13,-17,34,4,23,2,13.6,12.866666666666667,4.733333333333333,5.333333333333333,5.8,5.4,2.7333333333333334,3.2666666666666666
SP1,2015-02-14,Granada,Ath Bilbao,1642.6,1744.94,0,0,X,0.48,0.73,20,13,18,23,1.0666666666666669,1.0,1.6666666666666667,1.3333333333333333,0.7753333333333334,1.4146666666666663,1.7553333333333334,1.082,1.2453333333333334,2.4646666666666666,0.6506666666666667,1.3986666666666667,0.7333333333333333,1.4666666666666666,0.9333333333333332,0.9333333333333332,1.4,2.2666666666666666,0.6,0.9333333333333332,0.0420000000000001,-0.052,1.2,1.8,0.8,1.4,0.39,0.45,1.3333333333333333,1.6666666666666667,7.0,6.0,2,2,0,-26,-21,-23,-18,-2,3,23,2,10.4,13.266666666666667,2.2666666666666666,5.2,7.8,5.466666666666667,2.533333333333333,3.066666666666667
SP1,2015-02-14,Malaga,Espanol,1761.12,1703.96,0,2,2,1.56,0.7,7,9,35,26,1.0666666666666669,1.0,1.6666666666666667,0.6,0.934,1.4273333333333331,1.0346666666666666,0.93,1.7066666666666668,1.590666666666667,1.114,2.1853333333333333,0.8666666666666667,1.6,1.0,1.4666666666666666,1.8666666666666667,1.6666666666666667,0.8,2.8666666666666667,0.0673333333333332,-0.1726666666666667,0.6,1.8,0.6,1.2,0.45,2.76,1.8,1.4,7.0,6.0,2,2,0,-9,-18,-6,-15,15,6,23,2,7.8,10.666666666666666,3.733333333333333,4.0,3.733333333333333,6.0,2.2666666666666666,3.8
F1,2015-02-14,Paris SG,Caen,1838.89,1536.6,2,2,X,1.58,0.67,3,15,48,27,2.1333333333333333,2.8,2.6,1.0666666666666669,2.3766666666666665,1.838,2.0,0.6373333333333332,0.5826666666666666,0.8659999999999999,0.3126666666666667,1.9533333333333327,1.4666666666666666,2.2666666666666666,1.7333333333333334,1.6,0.8666666666666667,0.4,0.6666666666666666,2.0,0.91,-0.4286666666666665,2.6,0.2,2.4,1.2,2.15,0.94,2.0,2.0,6.0,7.0,1,2,0,7,-14,11,-10,22,1,25,2,11.0,12.266666666666667,4.466666666666667,4.733333333333333,3.8666666666666663,3.8666666666666663,2.2666666666666666,0.7333333333333333
F1,2015-02-14,Nantes,Bastia,1575.79,1555.61,0,2,2,0.25,0.64,9,15,33,27,0.6666666666666666,1.8,1.2666666666666666,0.8,0.7526666666666666,1.2226666666666666,0.9413333333333334,0.9813333333333332,1.2126666666666666,1.0726666666666669,0.8566666666666667,1.0453333333333332,0.2666666666666666,1.3333333333333333,0.8666666666666667,0.8666666666666667,1.2,0.5333333333333333,0.8,1.0666666666666669,0.4859999999999999,-0.1106666666666666,1.4,0.8,0.6,0.2,1.66,0.33,1.6,1.2,6.0,7.0,2,2,0,-8,-14,-4,-10,7,1,25,2,11.666666666666666,8.733333333333333,4.066666666666666,4.133333333333334,5.133333333333334,2.6,1.5333333333333334,1.6
F1,2015-02-14,Toulouse,Rennes,1548.53,1560.59,2,1,1,1.06,0.8,18,12,25,31,0.9333333333333332,0.5333333333333333,1.4666666666666666,0.8666666666666667,0.77,0.6866666666666668,0.8946666666666668,0.94,0.946,1.0006666666666666,0.9433333333333334,1.316,0.4,0.6,0.9333333333333332,0.6,1.2,1.4666666666666666,0.9333333333333332,1.1333333333333333,0.37,0.0866666666666667,1.4,1.4,1.6,2.2,0.48,0.64,1.4,1.4,7.0,7.0,2,1,0,-16,-10,-12,-6,-1,5,25,2,12.733333333333333,9.866666666666667,2.6,2.8,6.866666666666666,4.466666666666667,2.4,1.0666666666666669
F1,2015-02-14,Lille,Nice,1627.56,1575.5,0,0,X,0.37,0.14,11,8,31,33,1.4666666666666666,1.8,1.8666666666666667,1.5333333333333334,1.2306666666666668,1.143333333333333,1.05,0.766,0.966,0.7573333333333333,0.7313333333333333,1.214,1.0,0.8666666666666667,0.9333333333333332,0.9333333333333332,0.9333333333333332,0.4,0.4,1.0,0.2306666666666668,0.2766666666666666,0.2,2.6,0.4,1.6,0.22,0.87,0.6,1.2,7.0,6.0,2,2,0,-10,-8,-6,-4,5,7,25,2,11.6,11.933333333333334,3.466666666666667,3.8,3.0,4.066666666666666,1.2,2.7333333333333334
I1,2015-02-14,Sassuolo,Fiorentina,1568.01,1704.41,1,3,2,0.75,1.78,12,4,29,35,1.3333333333333333,2.066666666666667,1.9333333333333331,1.7333333333333334,1.5133333333333332,1.57,1.372,1.7986666666666666,1.55,1.684,0.932,1.5446666666666666,1.8,2.0,1.7333333333333334,1.6666666666666667,1.4666666666666666,1.4666666666666666,0.9333333333333332,0.9333333333333332,-0.2866666666666668,-0.4299999999999999,1.3333333333333333,1.3333333333333333,1.3333333333333333,1.3333333333333333,0.16,1.05,0.0,0.0,6.0,6.0,2,2,0,-6,0,-5,1,8,14,23,2,14.8,16.266666666666666,4.333333333333333,5.933333333333334,5.533333333333333,6.133333333333334,4.066666666666666,1.4
I1,2015-02-14,Palermo,Napoli,1603.32,1754.87,3,1,1,0.91,0.36,9,3,30,42,1.1333333333333333,2.8,2.466666666666667,2.466666666666667,1.148,1.5086666666666666,1.7033333333333334,1.3513333333333335,0.9526666666666668,0.5786666666666667,0.7973333333333333,0.816,1.0666666666666669,2.1333333333333333,2.333333333333333,1.8,1.8666666666666667,1.0,0.8,0.8666666666666667,0.0813333333333332,-0.6246666666666667,0.2,2.6,0.8,2.8,1.11,1.53,1.8,1.4,6.0,6.0,2,2,0,-5,7,-4,8,9,21,23,2,10.866666666666667,11.6,3.6,4.2,5.6,4.0,2.466666666666667,1.9333333333333331
D1,2015-02-15,Hertha,Freiburg,1629.9,1644.07,0,2,2,0.49,0.93,16,17,21,18,1.0666666666666669,0.7333333333333333,0.6,0.5333333333333333,0.9826666666666666,1.1013333333333333,0.5766666666666667,0.6720000000000002,1.6266666666666665,1.686,1.824,1.7646666666666666,0.9333333333333332,1.0666666666666669,0.2,0.5333333333333333,1.6,1.8666666666666667,1.9333333333333331,1.3333333333333333,0.0493333333333332,0.0346666666666666,0.8,1.4,1.2,1.4,0.29,0.87,1.0,1.0,8.0,8.0,3,2,0,-13,-16,-11,-14,3,0,21,2,6.4,10.933333333333334,1.4666666666666666,4.066666666666666,2.8666666666666667,3.533333333333333,3.2666666666666666,1.9333333333333331
SP1,2015-02-15,Valencia,Getafe,1844.35,1679.01,1,0,1,2.15,0.65,5,14,44,23,2.066666666666667,1.6,2.8,0.3333333333333333,1.5233333333333334,1.7353333333333334,2.1053333333333333,0.6,1.6313333333333333,1.120666666666667,1.6146666666666667,1.37,1.7333333333333334,1.1333333333333333,2.6,0.6666666666666666,1.1333333333333333,1.3333333333333333,1.1333333333333333,1.3333333333333333,-0.2099999999999999,0.6020000000000001,2.4,0.6,2.0,1.0,1.54,0.23,2.4,2.4,7.0,7.0,2,2,0,-1,-22,3,-18,24,3,23,2,11.866666666666667,13.066666666666666,5.266666666666667,5.933333333333334,3.2666666666666666,6.133333333333334,4.066666666666666,2.1333333333333333
SP1,2015-02-15,Barcelona,Levante,2030.18,1680.92,5,0,1,3.66,0.25,2,18,53,19,3.0,1.0666666666666669,3.0,0.1333333333333333,3.619333333333333,1.7046666666666668,3.043333333333333,0.9086666666666668,1.0719999999999998,1.1773333333333331,0.6513333333333333,1.5579999999999998,4.4,1.3333333333333333,3.8,0.2666666666666666,1.2666666666666666,1.2,1.1333333333333333,1.3333333333333333,-0.7806666666666673,0.3713333333333335,2.6,0.2,3.6,0.2,3.82,0.44,3.0,4.0,7.0,8.0,2,2,0,8,-26,12,-22,33,-1,23,2,16.8,10.333333333333334,8.4,3.533333333333333,4.666666666666667,3.533333333333333,1.4666666666666666,2.6
SP1,2015-02-15,Vallecano,Villarreal,1657.57,1822.5,2,0,1,1.25,2.06,16,6,23,41,0.4,2.066666666666667,0.2,1.0666666666666669,0.8426666666666667,1.3926666666666667,1.4393333333333334,1.2253333333333332,2.039333333333333,1.2846666666666666,1.658,1.6493333333333335,0.6,1.7333333333333334,0.6,1.6,1.8666666666666667,0.8666666666666667,1.6666666666666667,1.6666666666666667,0.2426666666666667,-0.3406666666666667,0.0,3.0,0.8,3.4,1.41,4.38,0.2,1.0,6.0,8.0,1,2,0,-24,-6,-18,0,3,21,23,2,11.6,11.533333333333331,3.466666666666667,4.666666666666667,5.933333333333334,4.8,3.333333333333333,1.7333333333333334
